cache_size, BMRC_ratio, OMRC_ratio
1515346059, 0.846784, 0.872168
3030692119, 0.812076, 0.833545
4546038178, 0.786525, 0.805679
6061384238, 0.765905, 0.783305
7576730297, 0.748186, 0.764240
9092076357, 0.732599, 0.747641
10607422417, 0.718710, 0.732888
12122768476, 0.706048, 0.719463
13638114536, 0.694489, 0.707236
15153460595, 0.683693, 0.695931
16668806655, 0.673694, 0.685420
18184152714, 0.664403, 0.675638
19699498774, 0.655684, 0.666525
21214844834, 0.647338, 0.657822
22730190893, 0.639693, 0.649906
24245536953, 0.632378, 0.642270
25760883012, 0.625388, 0.635031
27276229072, 0.618737, 0.628086
28791575131, 0.612405, 0.621523
30306921191, 0.606251, 0.615173
31822267251, 0.600494, 0.609212
33337613310, 0.594924, 0.603408
34852959370, 0.589447, 0.597727
36368305429, 0.584311, 0.592384
37883651489, 0.579237, 0.587175
39398997548, 0.574417, 0.582167
40914343608, 0.569786, 0.577408
42429689668, 0.565222, 0.572705
43945035727, 0.560907, 0.568210
45460381787, 0.556665, 0.563843
46975727846, 0.552696, 0.559739
48491073906, 0.548819, 0.555732
50006419965, 0.544999, 0.551831
51521766025, 0.541325, 0.548026
53037112085, 0.537721, 0.544303
54552458144, 0.534177, 0.540669
56067804204, 0.530775, 0.537182
57583150263, 0.527512, 0.533845
59098496323, 0.524296, 0.530550
60613842382, 0.521243, 0.527387
62129188442, 0.518130, 0.524169
63644534502, 0.515162, 0.521154
65159880561, 0.512242, 0.518140
66675226621, 0.509409, 0.515225
68190572680, 0.506688, 0.512398
69705918740, 0.503980, 0.509630
71221264799, 0.501346, 0.506929
72736610859, 0.498789, 0.504296
74251956919, 0.496268, 0.501697
75767302978, 0.493800, 0.499122
77282649038, 0.491404, 0.496647
78797995097, 0.489062, 0.494276
80313341157, 0.486742, 0.491936
81828687216, 0.484464, 0.489589
83344033276, 0.482270, 0.487331
84859379336, 0.480126, 0.485107
86374725395, 0.478030, 0.482959
87890071455, 0.475884, 0.480749
89405417514, 0.473865, 0.478683
90920763574, 0.471879, 0.476638
92436109633, 0.469939, 0.474641
93951455693, 0.468043, 0.472658
95466801753, 0.466166, 0.470698
96982147812, 0.464260, 0.468754
98497493872, 0.462413, 0.466870
100012839931, 0.460584, 0.465014
101528185991, 0.458797, 0.463217
103043532050, 0.457011, 0.461396
104558878110, 0.455313, 0.459654
106074224170, 0.453636, 0.457918
107589570229, 0.452025, 0.456254
109104916289, 0.450430, 0.454652
110620262348, 0.448821, 0.453037
112135608408, 0.447298, 0.451467
113650954467, 0.445770, 0.449913
115166300527, 0.444224, 0.448330
116681646587, 0.442700, 0.446776
118196992646, 0.441201, 0.445248
119712338706, 0.439785, 0.443794
121227684765, 0.438379, 0.442358
122743030825, 0.436978, 0.440909
124258376884, 0.435575, 0.439489
125773722944, 0.434214, 0.438107
127289069004, 0.432825, 0.436687
128804415063, 0.431468, 0.435337
130319761123, 0.430213, 0.434022
131835107182, 0.428944, 0.432752
133350453242, 0.427676, 0.431439
134865799301, 0.426400, 0.430149
136381145361, 0.425174, 0.428886
137896491421, 0.423971, 0.427644
139411837480, 0.422765, 0.426405
140927183540, 0.421598, 0.425210
142442529599, 0.420424, 0.424027
143957875659, 0.419268, 0.422882
145473221719, 0.418131, 0.421711
146988567778, 0.416989, 0.420551
148503913838, 0.415853, 0.419389
150019259897, 0.414739, 0.418260
151534605957, 0.413674, 0.417162
153049952016, 0.412585, 0.416062
154565298076, 0.411567, 0.415029
156080644136, 0.410537, 0.413928
157595990195, 0.409531, 0.412902
159111336255, 0.408569, 0.411920
160626682314, 0.407591, 0.410892
162142028374, 0.406624, 0.409912
163657374433, 0.405661, 0.408943
165172720493, 0.404708, 0.407955
166688066553, 0.403752, 0.406999
168203412612, 0.402832, 0.406058
169718758672, 0.401895, 0.405102
171234104731, 0.400963, 0.404132
172749450791, 0.400061, 0.403210
174264796850, 0.399189, 0.402329
175780142910, 0.398287, 0.401398
177295488970, 0.397421, 0.400508
178810835029, 0.396544, 0.399619
180326181089, 0.395652, 0.398708
181841527148, 0.394815, 0.397850
183356873208, 0.393973, 0.396993
184872219267, 0.393181, 0.396165
186387565327, 0.392359, 0.395306
187902911387, 0.391523, 0.394441
189418257446, 0.390677, 0.393606
190933603506, 0.389884, 0.392795
192448949565, 0.389075, 0.391967
193964295625, 0.388265, 0.391148
195479641684, 0.387505, 0.390389
196994987744, 0.386775, 0.389641
198510333804, 0.386028, 0.388886
200025679863, 0.385285, 0.388131
201541025923, 0.384587, 0.387393
203056371982, 0.383840, 0.386645
204571718042, 0.383088, 0.385880
206087064101, 0.382363, 0.385132
207602410161, 0.381660, 0.384420
209117756221, 0.380942, 0.383692
210633102280, 0.380246, 0.382981
212148448340, 0.379531, 0.382265
213663794399, 0.378845, 0.381566
215179140459, 0.378179, 0.380882
216694486518, 0.377475, 0.380164
218209832578, 0.376821, 0.379487
219725178638, 0.376162, 0.378816
221240524697, 0.375524, 0.378166
222755870757, 0.374932, 0.377522
224271216816, 0.374328, 0.376893
225786562876, 0.373684, 0.376233
227301908935, 0.373055, 0.375604
228817254995, 0.372430, 0.374952
230332601055, 0.371834, 0.374337
231847947114, 0.371236, 0.373724
233363293174, 0.370616, 0.373078
234878639233, 0.370031, 0.372469
236393985293, 0.369450, 0.371865
237909331352, 0.368860, 0.371275
239424677412, 0.368284, 0.370665
240940023472, 0.367730, 0.370104
242455369531, 0.367165, 0.369532
243970715591, 0.366630, 0.368974
245486061650, 0.366072, 0.368411
247001407710, 0.365477, 0.367814
248516753769, 0.364946, 0.367249
250032099829, 0.364398, 0.366687
251547445889, 0.363864, 0.366138
253062791948, 0.363321, 0.365580
254578138008, 0.362772, 0.365018
256093484067, 0.362258, 0.364492
257608830127, 0.361722, 0.363937
259124176186, 0.361219, 0.363427
260639522246, 0.360702, 0.362906
262154868306, 0.360198, 0.362396
263670214365, 0.359679, 0.361869
265185560425, 0.359174, 0.361360
266700906484, 0.358695, 0.360865
268216252544, 0.358185, 0.360353
269731598603, 0.357644, 0.359798
271246944663, 0.357144, 0.359263
272762290723, 0.356668, 0.358771
274277636782, 0.356189, 0.358278
275792982842, 0.355722, 0.357796
277308328901, 0.355258, 0.357329
278823674961, 0.354784, 0.356853
280339021021, 0.354312, 0.356373
281854367080, 0.353848, 0.355889
283369713140, 0.353400, 0.355419
284885059199, 0.352975, 0.354978
286400405259, 0.352521, 0.354503
287915751318, 0.352063, 0.354035
289431097378, 0.351649, 0.353596
290946443438, 0.351242, 0.353172
292461789497, 0.350792, 0.352704
293977135557, 0.350356, 0.352255
295492481616, 0.349926, 0.351818
297007827676, 0.349498, 0.351369
298523173735, 0.349085, 0.350954
300038519795, 0.348679, 0.350526
301553865855, 0.348263, 0.350112
303069211914, 0.347846, 0.349679
304584557974, 0.347439, 0.349271
306099904033, 0.346992, 0.348820
307615250093, 0.346572, 0.348402
309130596152, 0.346162, 0.347976
310645942212, 0.345751, 0.347570
312161288272, 0.345366, 0.347163
313676634331, 0.344988, 0.346774
315191980391, 0.344634, 0.346409
316707326450, 0.344258, 0.346008
318222672510, 0.343886, 0.345633
319738018569, 0.343521, 0.345266
321253364629, 0.343162, 0.344906
322768710689, 0.342803, 0.344534
324284056748, 0.342419, 0.344113
325799402808, 0.342050, 0.343726
327314748867, 0.341675, 0.343344
328830094927, 0.341313, 0.342978
330345440986, 0.340968, 0.342621
331860787046, 0.340613, 0.342273
333376133106, 0.340268, 0.341915
334891479165, 0.339905, 0.341543
336406825225, 0.339535, 0.341147
337922171284, 0.339190, 0.340774
339437517344, 0.338873, 0.340435
340952863403, 0.338541, 0.340101
342468209463, 0.338183, 0.339739
343983555523, 0.337843, 0.339384
345498901582, 0.337527, 0.339048
347014247642, 0.337192, 0.338695
348529593701, 0.336848, 0.338350
350044939761, 0.336522, 0.338014
351560285820, 0.336173, 0.337651
353075631880, 0.335847, 0.337301
354590977940, 0.335506, 0.336956
356106323999, 0.335173, 0.336608
357621670059, 0.334845, 0.336274
359137016118, 0.334527, 0.335947
360652362178, 0.334217, 0.335633
362167708237, 0.333895, 0.335303
363683054297, 0.333563, 0.334967
365198400357, 0.333265, 0.334655
366713746416, 0.332968, 0.334346
368229092476, 0.332658, 0.334031
369744438535, 0.332355, 0.333730
371259784595, 0.332043, 0.333400
372775130654, 0.331742, 0.333092
374290476714, 0.331430, 0.332774
375805822774, 0.331121, 0.332458
377321168833, 0.330833, 0.332154
378836514893, 0.330530, 0.331828
380351860952, 0.330240, 0.331525
381867207012, 0.329969, 0.331235
383382553071, 0.329684, 0.330931
384897899131, 0.329408, 0.330644
386413245191, 0.329126, 0.330352
387928591250, 0.328842, 0.330066
389443937310, 0.328559, 0.329769
390959283369, 0.328281, 0.329483
392474629429, 0.327992, 0.329198
393989975488, 0.327718, 0.328898
395505321548, 0.327447, 0.328619
397020667608, 0.327191, 0.328362
398536013667, 0.326920, 0.328086
400051359727, 0.326633, 0.327790
401566705786, 0.326369, 0.327521
403082051846, 0.326094, 0.327242
404597397905, 0.325830, 0.326955
406112743965, 0.325553, 0.326661
407628090025, 0.325306, 0.326396
409143436084, 0.325049, 0.326139
410658782144, 0.324806, 0.325884
412174128203, 0.324558, 0.325632
413689474263, 0.324295, 0.325359
415204820323, 0.324066, 0.325110
416720166382, 0.323811, 0.324836
418235512442, 0.323580, 0.324591
419750858501, 0.323331, 0.324330
421266204561, 0.323070, 0.324078
422781550620, 0.322813, 0.323814
424296896680, 0.322587, 0.323579
425812242740, 0.322338, 0.323330
427327588799, 0.322091, 0.323071
428842934859, 0.321838, 0.322800
430358280918, 0.321598, 0.322557
431873626978, 0.321353, 0.322303
433388973037, 0.321129, 0.322072
434904319097, 0.320893, 0.321830
436419665157, 0.320666, 0.321603
437935011216, 0.320427, 0.321366
439450357276, 0.320197, 0.321133
440965703335, 0.319969, 0.320904
442481049395, 0.319753, 0.320677
443996395454, 0.319539, 0.320450
445511741514, 0.319314, 0.320208
447027087574, 0.319090, 0.319976
448542433633, 0.318873, 0.319754
450057779693, 0.318657, 0.319536
451573125752, 0.318441, 0.319308
453088471812, 0.318226, 0.319075
454603817871, 0.318015, 0.318852
456119163931, 0.317791, 0.318628
457634509991, 0.317578, 0.318411
459149856050, 0.317354, 0.318178
460665202110, 0.317126, 0.317942
462180548169, 0.316918, 0.317721
463695894229, 0.316705, 0.317495
465211240288, 0.316495, 0.317275
466726586348, 0.316291, 0.317061
468241932408, 0.316070, 0.316827
469757278467, 0.315848, 0.316598
471272624527, 0.315642, 0.316392
472787970586, 0.315444, 0.316183
474303316646, 0.315240, 0.315972
475818662705, 0.315051, 0.315765
477334008765, 0.314849, 0.315567
478849354825, 0.314650, 0.315363
480364700884, 0.314449, 0.315156
481880046944, 0.314253, 0.314954
483395393003, 0.314050, 0.314751
484910739063, 0.313866, 0.314562
486426085122, 0.313679, 0.314364
487941431182, 0.313488, 0.314166
489456777242, 0.313303, 0.313974
490972123301, 0.313107, 0.313772
492487469361, 0.312945, 0.313594
494002815420, 0.312752, 0.313404
495518161480, 0.312566, 0.313209
497033507539, 0.312386, 0.313025
498548853599, 0.312199, 0.312826
500064199659, 0.312027, 0.312643
501579545718, 0.311838, 0.312448
503094891778, 0.311679, 0.312271
504610237837, 0.311498, 0.312087
506125583897, 0.311306, 0.311893
507640929956, 0.311129, 0.311704
509156276016, 0.310942, 0.311516
510671622076, 0.310762, 0.311329
512186968135, 0.310567, 0.311139
513702314195, 0.310377, 0.310947
515217660254, 0.310209, 0.310766
516733006314, 0.310046, 0.310597
518248352373, 0.309877, 0.310422
519763698433, 0.309698, 0.310241
521279044493, 0.309521, 0.310063
522794390552, 0.309343, 0.309880
524309736612, 0.309173, 0.309711
525825082671, 0.308994, 0.309528
527340428731, 0.308831, 0.309361
528855774790, 0.308681, 0.309208
530371120850, 0.308502, 0.309035
531886466910, 0.308330, 0.308862
533401812969, 0.308166, 0.308690
534917159029, 0.307993, 0.308509
536432505088, 0.307843, 0.308344
537947851148, 0.307691, 0.308191
539463197207, 0.307515, 0.308005
540978543267, 0.307355, 0.307844
542493889327, 0.307209, 0.307697
544009235386, 0.307046, 0.307533
545524581446, 0.306879, 0.307366
547039927505, 0.306717, 0.307201
548555273565, 0.306577, 0.307048
550070619624, 0.306436, 0.306903
551585965684, 0.306278, 0.306746
553101311744, 0.306129, 0.306592
554616657803, 0.305976, 0.306438
556132003863, 0.305826, 0.306276
557647349922, 0.305671, 0.306115
559162695982, 0.305529, 0.305969
560678042042, 0.305374, 0.305800
562193388101, 0.305229, 0.305652
563708734161, 0.305091, 0.305503
565224080220, 0.304952, 0.305366
566739426280, 0.304804, 0.305214
568254772339, 0.304665, 0.305075
569770118399, 0.304531, 0.304940
571285464459, 0.304383, 0.304789
572800810518, 0.304235, 0.304642
574316156578, 0.304094, 0.304483
575831502637, 0.303970, 0.304348
577346848697, 0.303836, 0.304217
578862194756, 0.303699, 0.304082
580377540816, 0.303559, 0.303939
581892886876, 0.303426, 0.303796
583408232935, 0.303288, 0.303651
584923578995, 0.303149, 0.303506
586438925054, 0.303008, 0.303365
587954271114, 0.302872, 0.303236
589469617173, 0.302739, 0.303089
590984963233, 0.302604, 0.302954
592500309293, 0.302489, 0.302831
594015655352, 0.302364, 0.302705
595531001412, 0.302238, 0.302572
597046347471, 0.302102, 0.302433
598561693531, 0.301978, 0.302305
600077039590, 0.301835, 0.302156
601592385650, 0.301701, 0.302019
603107731710, 0.301579, 0.301890
604623077769, 0.301454, 0.301757
606138423829, 0.301328, 0.301622
607653769888, 0.301198, 0.301487
609169115948, 0.301058, 0.301342
610684462007, 0.300927, 0.301202
612199808067, 0.300802, 0.301077
613715154127, 0.300683, 0.300960
615230500186, 0.300559, 0.300837
616745846246, 0.300429, 0.300710
618261192305, 0.300315, 0.300593
619776538365, 0.300181, 0.300454
621291884424, 0.300061, 0.300321
622807230484, 0.299928, 0.300175
624322576544, 0.299809, 0.300056
625837922603, 0.299687, 0.299934
627353268663, 0.299569, 0.299812
628868614722, 0.299448, 0.299682
630383960782, 0.299329, 0.299554
631899306841, 0.299214, 0.299432
633414652901, 0.299105, 0.299317
634929998961, 0.298993, 0.299199
636445345020, 0.298874, 0.299078
637960691080, 0.298762, 0.298965
639476037139, 0.298641, 0.298844
640991383199, 0.298516, 0.298728
642506729258, 0.298394, 0.298604
644022075318, 0.298274, 0.298488
645537421378, 0.298157, 0.298383
647052767437, 0.298040, 0.298269
648568113497, 0.297919, 0.298144
650083459556, 0.297801, 0.298016
651598805616, 0.297688, 0.297905
653114151675, 0.297587, 0.297800
654629497735, 0.297486, 0.297686
656144843795, 0.297386, 0.297577
657660189854, 0.297278, 0.297467
659175535914, 0.297165, 0.297347
660690881973, 0.297046, 0.297224
662206228033, 0.296935, 0.297110
663721574092, 0.296827, 0.296997
665236920152, 0.296717, 0.296881
666752266212, 0.296603, 0.296771
668267612271, 0.296493, 0.296663
669782958331, 0.296383, 0.296545
671298304390, 0.296275, 0.296428
672813650450, 0.296174, 0.296321
674328996509, 0.296062, 0.296203
675844342569, 0.295967, 0.296098
677359688629, 0.295871, 0.295984
678875034688, 0.295780, 0.295889
680390380748, 0.295692, 0.295799
681905726807, 0.295604, 0.295709
683421072867, 0.295502, 0.295602
684936418926, 0.295403, 0.295506
686451764986, 0.295306, 0.295402
687967111046, 0.295204, 0.295295
689482457105, 0.295105, 0.295191
690997803165, 0.295002, 0.295086
692513149224, 0.294901, 0.294982
694028495284, 0.294805, 0.294887
695543841344, 0.294714, 0.294793
697059187403, 0.294616, 0.294696
698574533463, 0.294517, 0.294587
700089879522, 0.294417, 0.294480
701605225582, 0.294331, 0.294392
703120571641, 0.294216, 0.294274
704635917701, 0.294110, 0.294164
706151263761, 0.294025, 0.294074
707666609820, 0.293920, 0.293967
709181955880, 0.293823, 0.293858
710697301939, 0.293715, 0.293754
712212647999, 0.293623, 0.293660
713727994058, 0.293526, 0.293560
715243340118, 0.293442, 0.293476
716758686178, 0.293354, 0.293385
718274032237, 0.293269, 0.293305
719789378297, 0.293175, 0.293207
721304724356, 0.293083, 0.293112
722820070416, 0.292985, 0.293012
724335416475, 0.292898, 0.292926
725850762535, 0.292807, 0.292832
727366108595, 0.292717, 0.292742
728881454654, 0.292617, 0.292643
730396800714, 0.292532, 0.292557
731912146773, 0.292443, 0.292463
733427492833, 0.292353, 0.292370
734942838892, 0.292273, 0.292287
736458184952, 0.292191, 0.292201
737973531012, 0.292097, 0.292098
739488877071, 0.292028, 0.292022
741004223131, 0.291944, 0.291934
742519569190, 0.291840, 0.291841
744034915250, 0.291749, 0.291760
745550261309, 0.291668, 0.291672
747065607369, 0.291591, 0.291594
748580953429, 0.291506, 0.291509
750096299488, 0.291422, 0.291422
751611645548, 0.291342, 0.291339
753126991607, 0.291255, 0.291250
754642337667, 0.291186, 0.291174
756157683726, 0.291105, 0.291088
757673029786, 0.291019, 0.291001
759188375846, 0.290939, 0.290910
760703721905, 0.290858, 0.290824
762219067965, 0.290775, 0.290735
763734414024, 0.290691, 0.290645
765249760084, 0.290610, 0.290556
766765106143, 0.290532, 0.290472
768280452203, 0.290457, 0.290392
769795798263, 0.290382, 0.290319
771311144322, 0.290311, 0.290245
772826490382, 0.290234, 0.290167
774341836441, 0.290158, 0.290089
775857182501, 0.290079, 0.290007
777372528560, 0.289999, 0.289925
778887874620, 0.289929, 0.289857
780403220680, 0.289852, 0.289775
781918566739, 0.289765, 0.289690
783433912799, 0.289690, 0.289615
784949258858, 0.289616, 0.289543
786464604918, 0.289545, 0.289470
787979950977, 0.289474, 0.289397
789495297037, 0.289389, 0.289315
791010643097, 0.289321, 0.289251
792525989156, 0.289252, 0.289179
794041335216, 0.289181, 0.289106
795556681275, 0.289102, 0.289026
797072027335, 0.289036, 0.288957
798587373394, 0.288960, 0.288881
800102719454, 0.288898, 0.288814
801618065514, 0.288833, 0.288743
803133411573, 0.288752, 0.288662
804648757633, 0.288686, 0.288594
806164103692, 0.288615, 0.288520
807679449752, 0.288541, 0.288444
809194795811, 0.288466, 0.288372
810710141871, 0.288407, 0.288312
812225487931, 0.288330, 0.288232
813740833990, 0.288267, 0.288164
815256180050, 0.288197, 0.288100
816771526109, 0.288131, 0.288033
818286872169, 0.288048, 0.287950
819802218228, 0.287980, 0.287876
821317564288, 0.287924, 0.287813
822832910348, 0.287858, 0.287746
824348256407, 0.287802, 0.287685
825863602467, 0.287739, 0.287620
827378948526, 0.287676, 0.287557
828894294586, 0.287616, 0.287505
830409640646, 0.287554, 0.287440
831924986705, 0.287488, 0.287374
833440332765, 0.287436, 0.287320
834955678824, 0.287374, 0.287256
836471024884, 0.287312, 0.287196
837986370943, 0.287252, 0.287128
839501717003, 0.287188, 0.287067
841017063063, 0.287122, 0.287000
842532409122, 0.287063, 0.286936
844047755182, 0.287005, 0.286875
845563101241, 0.286935, 0.286804
847078447301, 0.286886, 0.286745
848593793360, 0.286833, 0.286688
850109139420, 0.286771, 0.286628
851624485480, 0.286710, 0.286570
853139831539, 0.286647, 0.286501
854655177599, 0.286585, 0.286434
856170523658, 0.286527, 0.286377
857685869718, 0.286468, 0.286315
859201215777, 0.286406, 0.286254
860716561837, 0.286349, 0.286197
862231907897, 0.286290, 0.286139
863747253956, 0.286227, 0.286073
865262600016, 0.286169, 0.286014
866777946075, 0.286111, 0.285949
868293292135, 0.286055, 0.285891
869808638194, 0.286003, 0.285839
871323984254, 0.285946, 0.285777
872839330314, 0.285886, 0.285712
874354676373, 0.285818, 0.285646
875870022433, 0.285761, 0.285591
877385368492, 0.285703, 0.285531
878900714552, 0.285655, 0.285477
880416060611, 0.285600, 0.285419
881931406671, 0.285531, 0.285353
883446752731, 0.285480, 0.285306
884962098790, 0.285421, 0.285246
886477444850, 0.285368, 0.285194
887992790909, 0.285314, 0.285138
889508136969, 0.285254, 0.285079
891023483028, 0.285203, 0.285025
892538829088, 0.285161, 0.284979
894054175148, 0.285111, 0.284926
895569521207, 0.285055, 0.284867
897084867267, 0.284992, 0.284802
898600213326, 0.284934, 0.284743
900115559386, 0.284882, 0.284685
901630905445, 0.284833, 0.284639
903146251505, 0.284779, 0.284586
904661597565, 0.284732, 0.284534
906176943624, 0.284687, 0.284483
907692289684, 0.284634, 0.284428
909207635743, 0.284589, 0.284378
910722981803, 0.284541, 0.284329
912238327862, 0.284491, 0.284278
913753673922, 0.284440, 0.284227
915269019982, 0.284391, 0.284180
916784366041, 0.284344, 0.284128
918299712101, 0.284290, 0.284070
919815058160, 0.284241, 0.284022
921330404220, 0.284191, 0.283970
922845750279, 0.284147, 0.283922
924361096339, 0.284094, 0.283873
925876442399, 0.284048, 0.283825
927391788458, 0.284001, 0.283775
928907134518, 0.283947, 0.283719
930422480577, 0.283896, 0.283671
931937826637, 0.283846, 0.283618
933453172696, 0.283801, 0.283571
934968518756, 0.283748, 0.283517
936483864816, 0.283701, 0.283465
937999210875, 0.283644, 0.283409
939514556935, 0.283593, 0.283359
941029902994, 0.283545, 0.283309
942545249054, 0.283497, 0.283261
944060595113, 0.283440, 0.283204
945575941173, 0.283395, 0.283158
947091287233, 0.283350, 0.283111
948606633292, 0.283307, 0.283063
950121979352, 0.283271, 0.283023
951637325411, 0.283231, 0.282979
953152671471, 0.283182, 0.282929
954668017530, 0.283139, 0.282883
956183363590, 0.283100, 0.282842
957698709650, 0.283050, 0.282787
959214055709, 0.283007, 0.282740
960729401769, 0.282965, 0.282697
962244747828, 0.282923, 0.282651
963760093888, 0.282871, 0.282597
965275439948, 0.282831, 0.282553
966790786007, 0.282783, 0.282510
968306132067, 0.282746, 0.282471
969821478126, 0.282701, 0.282428
971336824186, 0.282665, 0.282389
972852170245, 0.282628, 0.282350
974367516305, 0.282583, 0.282308
975882862365, 0.282547, 0.282268
977398208424, 0.282504, 0.282227
978913554484, 0.282459, 0.282184
980428900543, 0.282421, 0.282146
981944246603, 0.282370, 0.282099
983459592662, 0.282332, 0.282060
984974938722, 0.282289, 0.282017
986490284782, 0.282239, 0.281966
988005630841, 0.282191, 0.281917
989520976901, 0.282158, 0.281881
991036322960, 0.282116, 0.281834
992551669020, 0.282074, 0.281785
994067015079, 0.282033, 0.281739
995582361139, 0.281993, 0.281699
997097707199, 0.281955, 0.281660
998613053258, 0.281911, 0.281612
1000128399318, 0.281882, 0.281582
1001643745377, 0.281841, 0.281539
1003159091437, 0.281802, 0.281502
1004674437496, 0.281766, 0.281463
1006189783556, 0.281733, 0.281429
1007705129616, 0.281700, 0.281396
1009220475675, 0.281662, 0.281357
1010735821735, 0.281626, 0.281321
1012251167794, 0.281594, 0.281284
1013766513854, 0.281561, 0.281247
1015281859913, 0.281524, 0.281208
1016797205973, 0.281490, 0.281167
1018312552033, 0.281461, 0.281135
1019827898092, 0.281431, 0.281104
1021343244152, 0.281399, 0.281069
1022858590211, 0.281362, 0.281029
1024373936271, 0.281334, 0.281000
1025889282330, 0.281304, 0.280968
1027404628390, 0.281265, 0.280929
1028919974450, 0.281223, 0.280888
1030435320509, 0.281190, 0.280855
1031950666569, 0.281152, 0.280815
1033466012628, 0.281114, 0.280778
1034981358688, 0.281079, 0.280741
1036496704747, 0.281044, 0.280703
1038012050807, 0.281003, 0.280665
1039527396867, 0.280966, 0.280627
1041042742926, 0.280932, 0.280596
1042558088986, 0.280896, 0.280561
1044073435045, 0.280863, 0.280529
1045588781105, 0.280828, 0.280493
1047104127164, 0.280789, 0.280460
1048619473224, 0.280752, 0.280420
1050134819284, 0.280725, 0.280390
1051650165343, 0.280703, 0.280367
1053165511403, 0.280672, 0.280336
1054680857462, 0.280636, 0.280302
1056196203522, 0.280600, 0.280265
1057711549581, 0.280571, 0.280236
1059226895641, 0.280546, 0.280211
1060742241701, 0.280513, 0.280174
1062257587760, 0.280485, 0.280140
1063772933820, 0.280455, 0.280108
1065288279879, 0.280427, 0.280080
1066803625939, 0.280386, 0.280039
1068318971998, 0.280352, 0.280004
1069834318058, 0.280320, 0.279972
1071349664118, 0.280295, 0.279946
1072865010177, 0.280261, 0.279912
1074380356237, 0.280224, 0.279878
1075895702296, 0.280195, 0.279847
1077411048356, 0.280167, 0.279820
1078926394415, 0.280139, 0.279791
1080441740475, 0.280112, 0.279762
1081957086535, 0.280079, 0.279732
1083472432594, 0.280052, 0.279705
1084987778654, 0.280023, 0.279674
1086503124713, 0.280001, 0.279652
1088018470773, 0.279975, 0.279626
1089533816832, 0.279946, 0.279598
1091049162892, 0.279922, 0.279575
1092564508952, 0.279898, 0.279550
1094079855011, 0.279872, 0.279524
1095595201071, 0.279837, 0.279487
1097110547130, 0.279813, 0.279463
1098625893190, 0.279780, 0.279430
1100141239249, 0.279757, 0.279410
1101656585309, 0.279728, 0.279381
1103171931369, 0.279700, 0.279351
1104687277428, 0.279673, 0.279323
1106202623488, 0.279647, 0.279296
1107717969547, 0.279621, 0.279269
1109233315607, 0.279593, 0.279239
1110748661667, 0.279570, 0.279215
1112264007726, 0.279547, 0.279192
1113779353786, 0.279518, 0.279165
1115294699845, 0.279493, 0.279140
1116810045905, 0.279468, 0.279113
1118325391964, 0.279446, 0.279093
1119840738024, 0.279423, 0.279069
1121356084084, 0.279398, 0.279044
1122871430143, 0.279376, 0.279020
1124386776203, 0.279351, 0.278995
1125902122262, 0.279331, 0.278977
1127417468322, 0.279308, 0.278949
1128932814381, 0.279289, 0.278927
1130448160441, 0.279267, 0.278903
1131963506501, 0.279240, 0.278875
1133478852560, 0.279211, 0.278849
1134994198620, 0.279190, 0.278830
1136509544679, 0.279166, 0.278805
1138024890739, 0.279145, 0.278784
1139540236798, 0.279123, 0.278763
1141055582858, 0.279101, 0.278741
1142570928918, 0.279074, 0.278716
1144086274977, 0.279052, 0.278695
1145601621037, 0.279026, 0.278668
1147116967096, 0.278999, 0.278644
1148632313156, 0.278976, 0.278618
1150147659215, 0.278949, 0.278592
1151663005275, 0.278924, 0.278566
1153178351335, 0.278900, 0.278544
1154693697394, 0.278879, 0.278521
1156209043454, 0.278857, 0.278492
1157724389513, 0.278836, 0.278470
1159239735573, 0.278812, 0.278447
1160755081632, 0.278784, 0.278418
1162270427692, 0.278765, 0.278397
1163785773752, 0.278746, 0.278380
1165301119811, 0.278722, 0.278357
1166816465871, 0.278697, 0.278331
1168331811930, 0.278678, 0.278312
1169847157990, 0.278654, 0.278287
1171362504049, 0.278633, 0.278267
1172877850109, 0.278614, 0.278248
1174393196169, 0.278596, 0.278228
1175908542228, 0.278576, 0.278205
1177423888288, 0.278554, 0.278184
1178939234347, 0.278532, 0.278160
1180454580407, 0.278511, 0.278142
1181969926466, 0.278490, 0.278121
1183485272526, 0.278470, 0.278099
1185000618586, 0.278449, 0.278078
1186515964645, 0.278423, 0.278050
1188031310705, 0.278407, 0.278033
1189546656764, 0.278385, 0.278009
1191062002824, 0.278363, 0.277986
1192577348883, 0.278339, 0.277963
1194092694943, 0.278324, 0.277946
1195608041003, 0.278307, 0.277930
1197123387062, 0.278280, 0.277903
1198638733122, 0.278263, 0.277885
1200154079181, 0.278246, 0.277867
1201669425241, 0.278227, 0.277849
1203184771300, 0.278208, 0.277830
1204700117360, 0.278182, 0.277805
1206215463420, 0.278162, 0.277786
1207730809479, 0.278149, 0.277770
1209246155539, 0.278131, 0.277752
1210761501598, 0.278114, 0.277735
1212276847658, 0.278095, 0.277716
1213792193717, 0.278079, 0.277697
1215307539777, 0.278058, 0.277676
1216822885837, 0.278040, 0.277658
1218338231896, 0.278024, 0.277643
1219853577956, 0.278013, 0.277631
1221368924015, 0.277995, 0.277612
1222884270075, 0.277980, 0.277595
1224399616134, 0.277966, 0.277581
1225914962194, 0.277948, 0.277563
1227430308254, 0.277929, 0.277545
1228945654313, 0.277916, 0.277531
1230461000373, 0.277901, 0.277515
1231976346432, 0.277888, 0.277504
1233491692492, 0.277874, 0.277490
1235007038551, 0.277860, 0.277476
1236522384611, 0.277841, 0.277456
1238037730671, 0.277827, 0.277441
1239553076730, 0.277811, 0.277425
1241068422790, 0.277794, 0.277410
1242583768849, 0.277776, 0.277393
1244099114909, 0.277753, 0.277369
1245614460969, 0.277733, 0.277349
1247129807028, 0.277719, 0.277334
1248645153088, 0.277698, 0.277313
1250160499147, 0.277684, 0.277300
1251675845207, 0.277672, 0.277286
1253191191266, 0.277663, 0.277278
1254706537326, 0.277646, 0.277262
1256221883386, 0.277631, 0.277245
1257737229445, 0.277615, 0.277229
1259252575505, 0.277604, 0.277219
1260767921564, 0.277588, 0.277203
1262283267624, 0.277575, 0.277191
1263798613683, 0.277560, 0.277176
1265313959743, 0.277546, 0.277163
1266829305803, 0.277532, 0.277147
1268344651862, 0.277517, 0.277133
1269859997922, 0.277505, 0.277119
1271375343981, 0.277488, 0.277106
1272890690041, 0.277476, 0.277091
1274406036100, 0.277465, 0.277081
1275921382160, 0.277447, 0.277066
1277436728220, 0.277433, 0.277055
1278952074279, 0.277422, 0.277042
1280467420339, 0.277414, 0.277034
1281982766398, 0.277398, 0.277019
1283498112458, 0.277388, 0.277012
1285013458517, 0.277380, 0.277002
1286528804577, 0.277367, 0.276990
1288044150637, 0.277351, 0.276976
1289559496696, 0.277338, 0.276964
1291074842756, 0.277327, 0.276953
1292590188815, 0.277316, 0.276942
1294105534875, 0.277307, 0.276933
1295620880934, 0.277291, 0.276916
1297136226994, 0.277281, 0.276905
1298651573054, 0.277272, 0.276894
1300166919113, 0.277261, 0.276878
1301682265173, 0.277250, 0.276866
1303197611232, 0.277234, 0.276850
1304712957292, 0.277222, 0.276837
1306228303351, 0.277209, 0.276828
1307743649411, 0.277197, 0.276815
1309258995471, 0.277185, 0.276801
1310774341530, 0.277170, 0.276788
1312289687590, 0.277157, 0.276778
1313805033649, 0.277148, 0.276771
1315320379709, 0.277140, 0.276762
1316835725768, 0.277124, 0.276749
1318351071828, 0.277110, 0.276736
1319866417888, 0.277100, 0.276725
1321381763947, 0.277088, 0.276714
1322897110007, 0.277077, 0.276704
1324412456066, 0.277065, 0.276692
1325927802126, 0.277054, 0.276682
1327443148185, 0.277038, 0.276669
1328958494245, 0.277031, 0.276660
1330473840305, 0.277017, 0.276648
1331989186364, 0.277008, 0.276639
1333504532424, 0.276999, 0.276629
1335019878483, 0.276993, 0.276623
1336535224543, 0.276983, 0.276615
1338050570602, 0.276972, 0.276606
1339565916662, 0.276967, 0.276600
1341081262722, 0.276954, 0.276588
1342596608781, 0.276947, 0.276580
1344111954841, 0.276938, 0.276570
1345627300900, 0.276928, 0.276558
1347142646960, 0.276919, 0.276549
1348657993019, 0.276911, 0.276543
1350173339079, 0.276902, 0.276536
1351688685139, 0.276890, 0.276521
1353204031198, 0.276881, 0.276513
1354719377258, 0.276875, 0.276507
1356234723317, 0.276865, 0.276497
1357750069377, 0.276854, 0.276488
1359265415436, 0.276844, 0.276479
1360780761496, 0.276835, 0.276469
1362296107556, 0.276826, 0.276461
1363811453615, 0.276817, 0.276453
1365326799675, 0.276812, 0.276447
1366842145734, 0.276800, 0.276435
1368357491794, 0.276793, 0.276428
1369872837853, 0.276785, 0.276420
1371388183913, 0.276775, 0.276410
1372903529973, 0.276768, 0.276402
1374418876032, 0.276762, 0.276397
1375934222092, 0.276752, 0.276389
1377449568151, 0.276744, 0.276382
1378964914211, 0.276736, 0.276376
1380480260271, 0.276730, 0.276369
1381995606330, 0.276718, 0.276358
1383510952390, 0.276708, 0.276347
1385026298449, 0.276698, 0.276339
1386541644509, 0.276690, 0.276331
1388056990568, 0.276683, 0.276325
1389572336628, 0.276675, 0.276317
1391087682688, 0.276670, 0.276311
1392603028747, 0.276663, 0.276305
1394118374807, 0.276657, 0.276299
1395633720866, 0.276652, 0.276293
1397149066926, 0.276644, 0.276287
1398664412985, 0.276637, 0.276281
1400179759045, 0.276629, 0.276273
1401695105105, 0.276623, 0.276266
1403210451164, 0.276617, 0.276263
1404725797224, 0.276613, 0.276259
1406241143283, 0.276609, 0.276255
1407756489343, 0.276606, 0.276251
1409271835402, 0.276600, 0.276245
1410787181462, 0.276596, 0.276241
1412302527522, 0.276590, 0.276234
1413817873581, 0.276589, 0.276233
1415333219641, 0.276584, 0.276230
1416848565700, 0.276581, 0.276226
1418363911760, 0.276575, 0.276222
1419879257819, 0.276571, 0.276218
1421394603879, 0.276567, 0.276214
1422909949939, 0.276563, 0.276207
1424425295998, 0.276558, 0.276202
1425940642058, 0.276554, 0.276199
1427455988117, 0.276550, 0.276192
1428971334177, 0.276547, 0.276191
1430486680236, 0.276540, 0.276182
1432002026296, 0.276534, 0.276176
1433517372356, 0.276526, 0.276170
1435032718415, 0.276524, 0.276168
1436548064475, 0.276522, 0.276166
1438063410534, 0.276518, 0.276163
1439578756594, 0.276515, 0.276159
1441094102653, 0.276511, 0.276156
1442609448713, 0.276506, 0.276152
1444124794773, 0.276503, 0.276148
1445640140832, 0.276500, 0.276144
1447155486892, 0.276496, 0.276140
1448670832951, 0.276493, 0.276138
1450186179011, 0.276490, 0.276135
1451701525070, 0.276487, 0.276132
1453216871130, 0.276484, 0.276128
1454732217190, 0.276482, 0.276126
1456247563249, 0.276478, 0.276123
1457762909309, 0.276476, 0.276120
1459278255368, 0.276474, 0.276117
1460793601428, 0.276472, 0.276115
1462308947487, 0.276471, 0.276113
1463824293547, 0.276466, 0.276108
1465339639607, 0.276464, 0.276106
1466854985666, 0.276462, 0.276104
1468370331726, 0.276460, 0.276099
1469885677785, 0.276457, 0.276097
1471401023845, 0.276455, 0.276094
1472916369904, 0.276453, 0.276092
1474431715964, 0.276450, 0.276090
1475947062024, 0.276446, 0.276087
1477462408083, 0.276445, 0.276086
1478977754143, 0.276444, 0.276085
1480493100202, 0.276442, 0.276082
1482008446262, 0.276441, 0.276081
1483523792321, 0.276439, 0.276080
1485039138381, 0.276438, 0.276079
1486554484441, 0.276436, 0.276077
1488069830500, 0.276436, 0.276077
1489585176560, 0.276435, 0.276076
1491100522619, 0.276435, 0.276075
1492615868679, 0.276434, 0.276074
1494131214738, 0.276432, 0.276073
1495646560798, 0.276430, 0.276072
1497161906858, 0.276430, 0.276072
1498677252917, 0.276430, 0.276072
1500192598977, 0.276429, 0.276071
1501707945036, 0.276429, 0.276071
1503223291096, 0.276428, 0.276070
1504738637155, 0.276428, 0.276070
1506253983215, 0.276427, 0.276069
1507769329275, 0.276427, 0.276069
1509284675334, 0.276426, 0.276068
1510800021394, 0.276426, 0.276068
1512315367453, 0.276426, 0.276068
1513830713513, 0.276426, 0.276068
