cache_size,BMRC_ratio,OMRC_ratio
1073741824,0.890560,0.891617
2147483648,0.855117,0.856217
3221225472,0.829776,0.830434
4294967296,0.809972,0.810621
5368709120,0.793387,0.794173
6442450944,0.779249,0.780207
7516192768,0.766856,0.767848
8589934592,0.756375,0.757290
9663676416,0.746444,0.747271
10737418240,0.737783,0.738471
11811160064,0.730108,0.730636
12884901888,0.722913,0.723369
13958643712,0.716090,0.716582
15032385536,0.709946,0.710443
16106127360,0.704183,0.704538
17179869184,0.698686,0.699076
18253611008,0.693369,0.693773
19327352832,0.688421,0.688929
20401094656,0.684128,0.684509
21474836480,0.679780,0.680124
22548578304,0.675807,0.676085
23622320128,0.672186,0.672288
24696061952,0.668427,0.668569
25769803776,0.664890,0.665083
26843545600,0.661647,0.661917
27917287424,0.658385,0.658679
28991029248,0.655562,0.655812
30064771072,0.652721,0.653028
31138512896,0.650078,0.650325
32212254720,0.647607,0.647791
33285996544,0.645315,0.645578
34359738368,0.643193,0.643399
35433480192,0.641291,0.641439
36507222016,0.639376,0.639460
37580963840,0.637536,0.637663
38654705664,0.635779,0.635831
39728447488,0.633977,0.634054
40802189312,0.632394,0.632402
41875931136,0.631098,0.631128
42949672960,0.629576,0.629546
44023414784,0.628027,0.628039
45097156608,0.626792,0.626849
46170898432,0.625524,0.625603
47244640256,0.624445,0.624506
48318382080,0.623319,0.623325
49392123904,0.622235,0.622249
50465865728,0.621217,0.621305
51539607552,0.620285,0.620330
52613349376,0.619388,0.619436
53687091200,0.618580,0.618590
54760833024,0.617720,0.617793
55834574848,0.616844,0.616916
56908316672,0.616224,0.616279
57982058496,0.615642,0.615672
59055800320,0.615126,0.615121
60129542144,0.614511,0.614453
61203283968,0.613947,0.613904
62277025792,0.613358,0.613385
63350767616,0.612880,0.612948
64424509440,0.612511,0.612564
65498251264,0.612266,0.612319
66571993088,0.611950,0.612030
67645734912,0.611655,0.611745
68719476736,0.611408,0.611493
69793218560,0.611218,0.611316
70866960384,0.611077,0.611164
71940702208,0.610887,0.610979
73014444032,0.610818,0.610887
74088185856,0.610768,0.610832
75161927680,0.610732,0.610790
76235669504,0.610726,0.610784
77309411328,0.610726,0.610784
78383153152,0.610726,0.610784
79456894976,0.610726,0.610784
80530636800,0.610726,0.610784
81604378624,0.610726,0.610784
82678120448,0.610726,0.610784
83751862272,0.610726,0.610784
84825604096,0.610726,0.610784
85899345920,0.610726,0.610784
86973087744,0.610726,0.610784
88046829568,0.610726,0.610784
89120571392,0.610726,0.610784
90194313216,0.610726,0.610784
91268055040,0.610726,0.610784
92341796864,0.610726,0.610784
93415538688,0.610726,0.610784
94489280512,0.610726,0.610784
95563022336,0.610726,0.610784
96636764160,0.610726,0.610784
97710505984,0.610726,0.610784
98784247808,0.610726,0.610784
99857989632,0.610726,0.610784
100931731456,0.610726,0.610784
102005473280,0.610726,0.610784
103079215104,0.610726,0.610784
104152956928,0.610726,0.610784
105226698752,0.610726,0.610784
106300440576,0.610726,0.610784
107374182400,0.610726,0.610784
108447924224,0.610726,0.610784
109521666048,0.610726,0.610784
110595407872,0.610726,0.610784
111669149696,0.610726,0.610784
112742891520,0.610726,0.610784
113816633344,0.610726,0.610784
114890375168,0.610726,0.610784
115964116992,0.610726,0.610784
117037858816,0.610726,0.610784
118111600640,0.610726,0.610784
119185342464,0.610726,0.610784
120259084288,0.610726,0.610784
121332826112,0.610726,0.610784
122406567936,0.610726,0.610784
123480309760,0.610726,0.610784
124554051584,0.610726,0.610784
125627793408,0.610726,0.610784
126701535232,0.610726,0.610784
127775277056,0.610726,0.610784
128849018880,0.610726,0.610784
129922760704,0.610726,0.610784
130996502528,0.610726,0.610784
132070244352,0.610726,0.610784
133143986176,0.610726,0.610784
134217728000,0.610726,0.610784
135291469824,0.610726,0.610784
136365211648,0.610726,0.610784
137438953472,0.610726,0.610784
138512695296,0.610726,0.610784
139586437120,0.610726,0.610784
140660178944,0.610726,0.610784
141733920768,0.610726,0.610784
142807662592,0.610726,0.610784
143881404416,0.610726,0.610784
144955146240,0.610726,0.610784
146028888064,0.610726,0.610784
147102629888,0.610726,0.610784
148176371712,0.610726,0.610784
149250113536,0.610726,0.610784
150323855360,0.610726,0.610784
151397597184,0.610726,0.610784
152471339008,0.610726,0.610784
153545080832,0.610726,0.610784
154618822656,0.610726,0.610784
155692564480,0.610726,0.610784
156766306304,0.610726,0.610784
157840048128,0.610726,0.610784
158913789952,0.610726,0.610784
159987531776,0.610726,0.610784
161061273600,0.610726,0.610784
162135015424,0.610726,0.610784
163208757248,0.610726,0.610784
164282499072,0.610726,0.610784
165356240896,0.610726,0.610784
166429982720,0.610726,0.610784
167503724544,0.610726,0.610784
168577466368,0.610726,0.610784
169651208192,0.610726,0.610784
170724950016,0.610726,0.610784
171798691840,0.610726,0.610784
172872433664,0.610726,0.610784
173946175488,0.610726,0.610784
175019917312,0.610726,0.610784
176093659136,0.610726,0.610784
177167400960,0.610726,0.610784
178241142784,0.610726,0.610784
179314884608,0.610726,0.610784
180388626432,0.610726,0.610784
181462368256,0.610726,0.610784
182536110080,0.610726,0.610784
183609851904,0.610726,0.610784
184683593728,0.610726,0.610784
185757335552,0.610726,0.610784
186831077376,0.610726,0.610784
187904819200,0.610726,0.610784
188978561024,0.610726,0.610784
190052302848,0.610726,0.610784
191126044672,0.610726,0.610784
192199786496,0.610726,0.610784
193273528320,0.610726,0.610784
194347270144,0.610726,0.610784
195421011968,0.610726,0.610784
196494753792,0.610726,0.610784
197568495616,0.610726,0.610784
198642237440,0.610726,0.610784
199715979264,0.610726,0.610784
200789721088,0.610726,0.610784
201863462912,0.610726,0.610784
202937204736,0.610726,0.610784
204010946560,0.610726,0.610784
205084688384,0.610726,0.610784
206158430208,0.610726,0.610784
207232172032,0.610726,0.610784
208305913856,0.610726,0.610784
209379655680,0.610726,0.610784
210453397504,0.610726,0.610784
211527139328,0.610726,0.610784
212600881152,0.610726,0.610784
213674622976,0.610726,0.610784
214748364800,0.610726,0.610784
215822106624,0.610726,0.610784
216895848448,0.610726,0.610784
217969590272,0.610726,0.610784
219043332096,0.610726,0.610784
220117073920,0.610726,0.610784
221190815744,0.610726,0.610784
222264557568,0.610726,0.610784
223338299392,0.610726,0.610784
224412041216,0.610726,0.610784
225485783040,0.610726,0.610784
226559524864,0.610726,0.610784
227633266688,0.610726,0.610784
228707008512,0.610726,0.610784
229780750336,0.610726,0.610784
230854492160,0.610726,0.610784
231928233984,0.610726,0.610784
233001975808,0.610726,0.610784
234075717632,0.610726,0.610784
235149459456,0.610726,0.610784
236223201280,0.610726,0.610784
237296943104,0.610726,0.610784
238370684928,0.610726,0.610784
239444426752,0.610726,0.610784
240518168576,0.610726,0.610784
241591910400,0.610726,0.610784
242665652224,0.610726,0.610784
243739394048,0.610726,0.610784
244813135872,0.610726,0.610784
245886877696,0.610726,0.610784
246960619520,0.610726,0.610784
248034361344,0.610726,0.610784
249108103168,0.610726,0.610784
250181844992,0.610726,0.610784
251255586816,0.610726,0.610784
252329328640,0.610726,0.610784
253403070464,0.610726,0.610784
254476812288,0.610726,0.610784
255550554112,0.610726,0.610784
256624295936,0.610726,0.610784
257698037760,0.610726,0.610784
258771779584,0.610726,0.610784
259845521408,0.610726,0.610784
260919263232,0.610726,0.610784
261993005056,0.610726,0.610784
263066746880,0.610726,0.610784
264140488704,0.610726,0.610784
265214230528,0.610726,0.610784
266287972352,0.610726,0.610784
267361714176,0.610726,0.610784
268435456000,0.610726,0.610784
269509197824,0.610726,0.610784
270582939648,0.610726,0.610784
271656681472,0.610726,0.610784
272730423296,0.610726,0.610784
273804165120,0.610726,0.610784
274877906944,0.610726,0.610784
275951648768,0.610726,0.610784
277025390592,0.610726,0.610784
278099132416,0.610726,0.610784
279172874240,0.610726,0.610784
280246616064,0.610726,0.610784
281320357888,0.610726,0.610784
282394099712,0.610726,0.610784
283467841536,0.610726,0.610784
284541583360,0.610726,0.610784
285615325184,0.610726,0.610784
286689067008,0.610726,0.610784
287762808832,0.610726,0.610784
288836550656,0.610726,0.610784
289910292480,0.610726,0.610784
290984034304,0.610726,0.610784
292057776128,0.610726,0.610784
293131517952,0.610726,0.610784
294205259776,0.610726,0.610784
295279001600,0.610726,0.610784
296352743424,0.610726,0.610784
297426485248,0.610726,0.610784
298500227072,0.610726,0.610784
299573968896,0.610726,0.610784
300647710720,0.610726,0.610784
301721452544,0.610726,0.610784
302795194368,0.610726,0.610784
303868936192,0.610726,0.610784
304942678016,0.610726,0.610784
306016419840,0.610726,0.610784
307090161664,0.610726,0.610784
308163903488,0.610726,0.610784
309237645312,0.610726,0.610784
310311387136,0.610726,0.610784
311385128960,0.610726,0.610784
312458870784,0.610726,0.610784
313532612608,0.610726,0.610784
314606354432,0.610726,0.610784
315680096256,0.610726,0.610784
316753838080,0.610726,0.610784
317827579904,0.610726,0.610784
318901321728,0.610726,0.610784
319975063552,0.610726,0.610784
321048805376,0.610726,0.610784
322122547200,0.610726,0.610784
323196289024,0.610726,0.610784
324270030848,0.610726,0.610784
325343772672,0.610726,0.610784
326417514496,0.610726,0.610784
327491256320,0.610726,0.610784
328564998144,0.610726,0.610784
329638739968,0.610726,0.610784
330712481792,0.610726,0.610784
331786223616,0.610726,0.610784
332859965440,0.610726,0.610784
333933707264,0.610726,0.610784
335007449088,0.610726,0.610784
336081190912,0.610726,0.610784
337154932736,0.610726,0.610784
338228674560,0.610726,0.610784
339302416384,0.610726,0.610784
340376158208,0.610726,0.610784
341449900032,0.610726,0.610784
342523641856,0.610726,0.610784
343597383680,0.610726,0.610784
344671125504,0.610726,0.610784
345744867328,0.610726,0.610784
346818609152,0.610726,0.610784
347892350976,0.610726,0.610784
348966092800,0.610726,0.610784
350039834624,0.610726,0.610784
351113576448,0.610726,0.610784
352187318272,0.610726,0.610784
353261060096,0.610726,0.610784
354334801920,0.610726,0.610784
355408543744,0.610726,0.610784
356482285568,0.610726,0.610784
357556027392,0.610726,0.610784
358629769216,0.610726,0.610784
359703511040,0.610726,0.610784
360777252864,0.610726,0.610784
361850994688,0.610726,0.610784
362924736512,0.610726,0.610784
363998478336,0.610726,0.610784
365072220160,0.610726,0.610784
366145961984,0.610726,0.610784
367219703808,0.610726,0.610784
368293445632,0.610726,0.610784
369367187456,0.610726,0.610784
370440929280,0.610726,0.610784
371514671104,0.610726,0.610784
372588412928,0.610726,0.610784
373662154752,0.610726,0.610784
374735896576,0.610726,0.610784
375809638400,0.610726,0.610784
376883380224,0.610726,0.610784
377957122048,0.610726,0.610784
379030863872,0.610726,0.610784
380104605696,0.610726,0.610784
381178347520,0.610726,0.610784
382252089344,0.610726,0.610784
383325831168,0.610726,0.610784
384399572992,0.610726,0.610784
385473314816,0.610726,0.610784
386547056640,0.610726,0.610784
387620798464,0.610726,0.610784
388694540288,0.610726,0.610784
389768282112,0.610726,0.610784
390842023936,0.610726,0.610784
391915765760,0.610726,0.610784
392989507584,0.610726,0.610784
394063249408,0.610726,0.610784
395136991232,0.610726,0.610784
396210733056,0.610726,0.610784
397284474880,0.610726,0.610784
398358216704,0.610726,0.610784
399431958528,0.610726,0.610784
400505700352,0.610726,0.610784
401579442176,0.610726,0.610784
402653184000,0.610726,0.610784
403726925824,0.610726,0.610784
404800667648,0.610726,0.610784
405874409472,0.610726,0.610784
406948151296,0.610726,0.610784
408021893120,0.610726,0.610784
409095634944,0.610726,0.610784
410169376768,0.610726,0.610784
411243118592,0.610726,0.610784
412316860416,0.610726,0.610784
413390602240,0.610726,0.610784
414464344064,0.610726,0.610784
415538085888,0.610726,0.610784
416611827712,0.610726,0.610784
417685569536,0.610726,0.610784
418759311360,0.610726,0.610784
419833053184,0.610726,0.610784
420906795008,0.610726,0.610784
421980536832,0.610726,0.610784
423054278656,0.610726,0.610784
424128020480,0.610726,0.610784
425201762304,0.610726,0.610784
426275504128,0.610726,0.610784
427349245952,0.610726,0.610784
428422987776,0.610726,0.610784
429496729600,0.610726,0.610784
430570471424,0.610726,0.610784
431644213248,0.610726,0.610784
432717955072,0.610726,0.610784
433791696896,0.610726,0.610784
434865438720,0.610726,0.610784
435939180544,0.610726,0.610784
437012922368,0.610726,0.610784
438086664192,0.610726,0.610784
439160406016,0.610726,0.610784
440234147840,0.610726,0.610784
441307889664,0.610726,0.610784
442381631488,0.610726,0.610784
443455373312,0.610726,0.610784
444529115136,0.610726,0.610784
445602856960,0.610726,0.610784
446676598784,0.610726,0.610784
447750340608,0.610726,0.610784
448824082432,0.610726,0.610784
449897824256,0.610726,0.610784
450971566080,0.610726,0.610784
452045307904,0.610726,0.610784
453119049728,0.610726,0.610784
454192791552,0.610726,0.610784
455266533376,0.610726,0.610784
456340275200,0.610726,0.610784
457414017024,0.610726,0.610784
458487758848,0.610726,0.610784
459561500672,0.610726,0.610784
460635242496,0.610726,0.610784
461708984320,0.610726,0.610784
462782726144,0.610726,0.610784
463856467968,0.610726,0.610784
464930209792,0.610726,0.610784
466003951616,0.610726,0.610784
467077693440,0.610726,0.610784
468151435264,0.610726,0.610784
469225177088,0.610726,0.610784
470298918912,0.610726,0.610784
471372660736,0.610726,0.610784
472446402560,0.610726,0.610784
473520144384,0.610726,0.610784
474593886208,0.610726,0.610784
475667628032,0.610726,0.610784
476741369856,0.610726,0.610784
477815111680,0.610726,0.610784
478888853504,0.610726,0.610784
479962595328,0.610726,0.610784
481036337152,0.610726,0.610784
482110078976,0.610726,0.610784
483183820800,0.610726,0.610784
484257562624,0.610726,0.610784
485331304448,0.610726,0.610784
486405046272,0.610726,0.610784
487478788096,0.610726,0.610784
488552529920,0.610726,0.610784
489626271744,0.610726,0.610784
490700013568,0.610726,0.610784
491773755392,0.610726,0.610784
492847497216,0.610726,0.610784
493921239040,0.610726,0.610784
494994980864,0.610726,0.610784
496068722688,0.610726,0.610784
497142464512,0.610726,0.610784
498216206336,0.610726,0.610784
499289948160,0.610726,0.610784
500363689984,0.610726,0.610784
501437431808,0.610726,0.610784
502511173632,0.610726,0.610784
503584915456,0.610726,0.610784
504658657280,0.610726,0.610784
505732399104,0.610726,0.610784
506806140928,0.610726,0.610784
507879882752,0.610726,0.610784
508953624576,0.610726,0.610784
510027366400,0.610726,0.610784
511101108224,0.610726,0.610784
512174850048,0.610726,0.610784
513248591872,0.610726,0.610784
514322333696,0.610726,0.610784
515396075520,0.610726,0.610784
516469817344,0.610726,0.610784
517543559168,0.610726,0.610784
518617300992,0.610726,0.610784
519691042816,0.610726,0.610784
520764784640,0.610726,0.610784
521838526464,0.610726,0.610784
522912268288,0.610726,0.610784
523986010112,0.610726,0.610784
525059751936,0.610726,0.610784
526133493760,0.610726,0.610784
527207235584,0.610726,0.610784
528280977408,0.610726,0.610784
529354719232,0.610726,0.610784
530428461056,0.610726,0.610784
531502202880,0.610726,0.610784
532575944704,0.610726,0.610784
533649686528,0.610726,0.610784
534723428352,0.610726,0.610784
535797170176,0.610726,0.610784
536870912000,0.610726,0.610784
537944653824,0.610726,0.610784
539018395648,0.610726,0.610784
540092137472,0.610726,0.610784
541165879296,0.610726,0.610784
542239621120,0.610726,0.610784
543313362944,0.610726,0.610784
544387104768,0.610726,0.610784
545460846592,0.610726,0.610784
546534588416,0.610726,0.610784
547608330240,0.610726,0.610784
548682072064,0.610726,0.610784
549755813888,0.610726,0.610784
550829555712,0.610726,0.610784
551903297536,0.610726,0.610784
552977039360,0.610726,0.610784
554050781184,0.610726,0.610784
555124523008,0.610726,0.610784
556198264832,0.610726,0.610784
557272006656,0.610726,0.610784
558345748480,0.610726,0.610784
559419490304,0.610726,0.610784
560493232128,0.610726,0.610784
561566973952,0.610726,0.610784
562640715776,0.610726,0.610784
563714457600,0.610726,0.610784
564788199424,0.610726,0.610784
565861941248,0.610726,0.610784
566935683072,0.610726,0.610784
568009424896,0.610726,0.610784
569083166720,0.610726,0.610784
570156908544,0.610726,0.610784
571230650368,0.610726,0.610784
572304392192,0.610726,0.610784
573378134016,0.610726,0.610784
574451875840,0.610726,0.610784
575525617664,0.610726,0.610784
576599359488,0.610726,0.610784
577673101312,0.610726,0.610784
578746843136,0.610726,0.610784
579820584960,0.610726,0.610784
580894326784,0.610726,0.610784
581968068608,0.610726,0.610784
583041810432,0.610726,0.610784
584115552256,0.610726,0.610784
585189294080,0.610726,0.610784
586263035904,0.610726,0.610784
587336777728,0.610726,0.610784
588410519552,0.610726,0.610784
589484261376,0.610726,0.610784
590558003200,0.610726,0.610784
591631745024,0.610726,0.610784
592705486848,0.610726,0.610784
593779228672,0.610726,0.610784
594852970496,0.610726,0.610784
595926712320,0.610726,0.610784
597000454144,0.610726,0.610784
598074195968,0.610726,0.610784
599147937792,0.610726,0.610784
600221679616,0.610726,0.610784
601295421440,0.610726,0.610784
602369163264,0.610726,0.610784
603442905088,0.610726,0.610784
604516646912,0.610726,0.610784
605590388736,0.610726,0.610784
606664130560,0.610726,0.610784
607737872384,0.610726,0.610784
608811614208,0.610726,0.610784
609885356032,0.610726,0.610784
610959097856,0.610726,0.610784
612032839680,0.610726,0.610784
613106581504,0.610726,0.610784
614180323328,0.610726,0.610784
615254065152,0.610726,0.610784
616327806976,0.610726,0.610784
617401548800,0.610726,0.610784
618475290624,0.610726,0.610784
619549032448,0.610726,0.610784
620622774272,0.610726,0.610784
621696516096,0.610726,0.610784
622770257920,0.610726,0.610784
623843999744,0.610726,0.610784
624917741568,0.610726,0.610784
625991483392,0.610726,0.610784
627065225216,0.610726,0.610784
628138967040,0.610726,0.610784
629212708864,0.610726,0.610784
630286450688,0.610726,0.610784
631360192512,0.610726,0.610784
632433934336,0.610726,0.610784
633507676160,0.610726,0.610784
634581417984,0.610726,0.610784
635655159808,0.610726,0.610784
636728901632,0.610726,0.610784
637802643456,0.610726,0.610784
638876385280,0.610726,0.610784
639950127104,0.610726,0.610784
641023868928,0.610726,0.610784
642097610752,0.610726,0.610784
643171352576,0.610726,0.610784
644245094400,0.610726,0.610784
645318836224,0.610726,0.610784
646392578048,0.610726,0.610784
647466319872,0.610726,0.610784
648540061696,0.610726,0.610784
649613803520,0.610726,0.610784
650687545344,0.610726,0.610784
651761287168,0.610726,0.610784
652835028992,0.610726,0.610784
653908770816,0.610726,0.610784
654982512640,0.610726,0.610784
656056254464,0.610726,0.610784
657129996288,0.610726,0.610784
658203738112,0.610726,0.610784
659277479936,0.610726,0.610784
660351221760,0.610726,0.610784
661424963584,0.610726,0.610784
662498705408,0.610726,0.610784
663572447232,0.610726,0.610784
664646189056,0.610726,0.610784
665719930880,0.610726,0.610784
666793672704,0.610726,0.610784
667867414528,0.610726,0.610784
668941156352,0.610726,0.610784
670014898176,0.610726,0.610784
671088640000,0.610726,0.610784
672162381824,0.610726,0.610784
673236123648,0.610726,0.610784
674309865472,0.610726,0.610784
675383607296,0.610726,0.610784
676457349120,0.610726,0.610784
677531090944,0.610726,0.610784
678604832768,0.610726,0.610784
679678574592,0.610726,0.610784
680752316416,0.610726,0.610784
681826058240,0.610726,0.610784
682899800064,0.610726,0.610784
683973541888,0.610726,0.610784
685047283712,0.610726,0.610784
686121025536,0.610726,0.610784
687194767360,0.610726,0.610784
688268509184,0.610726,0.610784
689342251008,0.610726,0.610784
690415992832,0.610726,0.610784
691489734656,0.610726,0.610784
692563476480,0.610726,0.610784
693637218304,0.610726,0.610784
694710960128,0.610726,0.610784
695784701952,0.610726,0.610784
696858443776,0.610726,0.610784
697932185600,0.610726,0.610784
699005927424,0.610726,0.610784
700079669248,0.610726,0.610784
701153411072,0.610726,0.610784
702227152896,0.610726,0.610784
703300894720,0.610726,0.610784
704374636544,0.610726,0.610784
705448378368,0.610726,0.610784
706522120192,0.610726,0.610784
707595862016,0.610726,0.610784
708669603840,0.610726,0.610784
709743345664,0.610726,0.610784
710817087488,0.610726,0.610784
711890829312,0.610726,0.610784
712964571136,0.610726,0.610784
714038312960,0.610726,0.610784
715112054784,0.610726,0.610784
716185796608,0.610726,0.610784
717259538432,0.610726,0.610784
718333280256,0.610726,0.610784
719407022080,0.610726,0.610784
720480763904,0.610726,0.610784
721554505728,0.610726,0.610784
722628247552,0.610726,0.610784
723701989376,0.610726,0.610784
724775731200,0.610726,0.610784
725849473024,0.610726,0.610784
726923214848,0.610726,0.610784
727996956672,0.610726,0.610784
729070698496,0.610726,0.610784
730144440320,0.610726,0.610784
731218182144,0.610726,0.610784
732291923968,0.610726,0.610784
733365665792,0.610726,0.610784
734439407616,0.610726,0.610784
735513149440,0.610726,0.610784
736586891264,0.610726,0.610784
737660633088,0.610726,0.610784
738734374912,0.610726,0.610784
739808116736,0.610726,0.610784
740881858560,0.610726,0.610784
741955600384,0.610726,0.610784
743029342208,0.610726,0.610784
744103084032,0.610726,0.610784
745176825856,0.610726,0.610784
746250567680,0.610726,0.610784
747324309504,0.610726,0.610784
748398051328,0.610726,0.610784
749471793152,0.610726,0.610784
750545534976,0.610726,0.610784
751619276800,0.610726,0.610784
752693018624,0.610726,0.610784
753766760448,0.610726,0.610784
754840502272,0.610726,0.610784
755914244096,0.610726,0.610784
756987985920,0.610726,0.610784
758061727744,0.610726,0.610784
759135469568,0.610726,0.610784
760209211392,0.610726,0.610784
761282953216,0.610726,0.610784
762356695040,0.610726,0.610784
763430436864,0.610726,0.610784
764504178688,0.610726,0.610784
765577920512,0.610726,0.610784
766651662336,0.610726,0.610784
767725404160,0.610726,0.610784
768799145984,0.610726,0.610784
769872887808,0.610726,0.610784
770946629632,0.610726,0.610784
772020371456,0.610726,0.610784
773094113280,0.610726,0.610784
774167855104,0.610726,0.610784
775241596928,0.610726,0.610784
776315338752,0.610726,0.610784
777389080576,0.610726,0.610784
778462822400,0.610726,0.610784
779536564224,0.610726,0.610784
780610306048,0.610726,0.610784
781684047872,0.610726,0.610784
782757789696,0.610726,0.610784
783831531520,0.610726,0.610784
784905273344,0.610726,0.610784
785979015168,0.610726,0.610784
787052756992,0.610726,0.610784
788126498816,0.610726,0.610784
789200240640,0.610726,0.610784
790273982464,0.610726,0.610784
791347724288,0.610726,0.610784
792421466112,0.610726,0.610784
793495207936,0.610726,0.610784
794568949760,0.610726,0.610784
795642691584,0.610726,0.610784
796716433408,0.610726,0.610784
797790175232,0.610726,0.610784
798863917056,0.610726,0.610784
799937658880,0.610726,0.610784
801011400704,0.610726,0.610784
802085142528,0.610726,0.610784
803158884352,0.610726,0.610784
804232626176,0.610726,0.610784
805306368000,0.610726,0.610784
806380109824,0.610726,0.610784
807453851648,0.610726,0.610784
808527593472,0.610726,0.610784
809601335296,0.610726,0.610784
810675077120,0.610726,0.610784
811748818944,0.610726,0.610784
812822560768,0.610726,0.610784
813896302592,0.610726,0.610784
814970044416,0.610726,0.610784
816043786240,0.610726,0.610784
817117528064,0.610726,0.610784
818191269888,0.610726,0.610784
819265011712,0.610726,0.610784
820338753536,0.610726,0.610784
821412495360,0.610726,0.610784
822486237184,0.610726,0.610784
823559979008,0.610726,0.610784
824633720832,0.610726,0.610784
825707462656,0.610726,0.610784
826781204480,0.610726,0.610784
827854946304,0.610726,0.610784
828928688128,0.610726,0.610784
830002429952,0.610726,0.610784
831076171776,0.610726,0.610784
832149913600,0.610726,0.610784
833223655424,0.610726,0.610784
834297397248,0.610726,0.610784
835371139072,0.610726,0.610784
836444880896,0.610726,0.610784
837518622720,0.610726,0.610784
838592364544,0.610726,0.610784
839666106368,0.610726,0.610784
840739848192,0.610726,0.610784
841813590016,0.610726,0.610784
842887331840,0.610726,0.610784
843961073664,0.610726,0.610784
845034815488,0.610726,0.610784
846108557312,0.610726,0.610784
847182299136,0.610726,0.610784
848256040960,0.610726,0.610784
849329782784,0.610726,0.610784
850403524608,0.610726,0.610784
851477266432,0.610726,0.610784
852551008256,0.610726,0.610784
853624750080,0.610726,0.610784
854698491904,0.610726,0.610784
855772233728,0.610726,0.610784
856845975552,0.610726,0.610784
857919717376,0.610726,0.610784
858993459200,0.610726,0.610784
860067201024,0.610726,0.610784
861140942848,0.610726,0.610784
862214684672,0.610726,0.610784
863288426496,0.610726,0.610784
864362168320,0.610726,0.610784
865435910144,0.610726,0.610784
866509651968,0.610726,0.610784
867583393792,0.610726,0.610784
868657135616,0.610726,0.610784
869730877440,0.610726,0.610784
870804619264,0.610726,0.610784
871878361088,0.610726,0.610784
872952102912,0.610726,0.610784
874025844736,0.610726,0.610784
875099586560,0.610726,0.610784
876173328384,0.610726,0.610784
877247070208,0.610726,0.610784
878320812032,0.610726,0.610784
879394553856,0.610726,0.610784
880468295680,0.610726,0.610784
881542037504,0.610726,0.610784
882615779328,0.610726,0.610784
883689521152,0.610726,0.610784
884763262976,0.610726,0.610784
885837004800,0.610726,0.610784
886910746624,0.610726,0.610784
887984488448,0.610726,0.610784
889058230272,0.610726,0.610784
890131972096,0.610726,0.610784
891205713920,0.610726,0.610784
892279455744,0.610726,0.610784
893353197568,0.610726,0.610784
894426939392,0.610726,0.610784
895500681216,0.610726,0.610784
896574423040,0.610726,0.610784
897648164864,0.610726,0.610784
898721906688,0.610726,0.610784
899795648512,0.610726,0.610784
900869390336,0.610726,0.610784
901943132160,0.610726,0.610784
903016873984,0.610726,0.610784
904090615808,0.610726,0.610784
905164357632,0.610726,0.610784
906238099456,0.610726,0.610784
907311841280,0.610726,0.610784
908385583104,0.610726,0.610784
909459324928,0.610726,0.610784
910533066752,0.610726,0.610784
911606808576,0.610726,0.610784
912680550400,0.610726,0.610784
913754292224,0.610726,0.610784
914828034048,0.610726,0.610784
915901775872,0.610726,0.610784
916975517696,0.610726,0.610784
918049259520,0.610726,0.610784
919123001344,0.610726,0.610784
920196743168,0.610726,0.610784
921270484992,0.610726,0.610784
922344226816,0.610726,0.610784
923417968640,0.610726,0.610784
924491710464,0.610726,0.610784
925565452288,0.610726,0.610784
926639194112,0.610726,0.610784
927712935936,0.610726,0.610784
928786677760,0.610726,0.610784
929860419584,0.610726,0.610784
930934161408,0.610726,0.610784
932007903232,0.610726,0.610784
933081645056,0.610726,0.610784
934155386880,0.610726,0.610784
935229128704,0.610726,0.610784
936302870528,0.610726,0.610784
937376612352,0.610726,0.610784
938450354176,0.610726,0.610784
939524096000,0.610726,0.610784
940597837824,0.610726,0.610784
941671579648,0.610726,0.610784
942745321472,0.610726,0.610784
943819063296,0.610726,0.610784
944892805120,0.610726,0.610784
945966546944,0.610726,0.610784
947040288768,0.610726,0.610784
948114030592,0.610726,0.610784
949187772416,0.610726,0.610784
950261514240,0.610726,0.610784
951335256064,0.610726,0.610784
952408997888,0.610726,0.610784
953482739712,0.610726,0.610784
954556481536,0.610726,0.610784
955630223360,0.610726,0.610784
956703965184,0.610726,0.610784
957777707008,0.610726,0.610784
958851448832,0.610726,0.610784
959925190656,0.610726,0.610784
960998932480,0.610726,0.610784
962072674304,0.610726,0.610784
963146416128,0.610726,0.610784
964220157952,0.610726,0.610784
965293899776,0.610726,0.610784
966367641600,0.610726,0.610784
967441383424,0.610726,0.610784
968515125248,0.610726,0.610784
969588867072,0.610726,0.610784
970662608896,0.610726,0.610784
971736350720,0.610726,0.610784
972810092544,0.610726,0.610784
973883834368,0.610726,0.610784
974957576192,0.610726,0.610784
976031318016,0.610726,0.610784
977105059840,0.610726,0.610784
978178801664,0.610726,0.610784
979252543488,0.610726,0.610784
980326285312,0.610726,0.610784
981400027136,0.610726,0.610784
982473768960,0.610726,0.610784
983547510784,0.610726,0.610784
984621252608,0.610726,0.610784
985694994432,0.610726,0.610784
986768736256,0.610726,0.610784
987842478080,0.610726,0.610784
988916219904,0.610726,0.610784
989989961728,0.610726,0.610784
991063703552,0.610726,0.610784
992137445376,0.610726,0.610784
993211187200,0.610726,0.610784
994284929024,0.610726,0.610784
995358670848,0.610726,0.610784
996432412672,0.610726,0.610784
997506154496,0.610726,0.610784
998579896320,0.610726,0.610784
999653638144,0.610726,0.610784
1000727379968,0.610726,0.610784
1001801121792,0.610726,0.610784
1002874863616,0.610726,0.610784
1003948605440,0.610726,0.610784
1005022347264,0.610726,0.610784
1006096089088,0.610726,0.610784
1007169830912,0.610726,0.610784
1008243572736,0.610726,0.610784
1009317314560,0.610726,0.610784
1010391056384,0.610726,0.610784
1011464798208,0.610726,0.610784
1012538540032,0.610726,0.610784
1013612281856,0.610726,0.610784
1014686023680,0.610726,0.610784
1015759765504,0.610726,0.610784
1016833507328,0.610726,0.610784
1017907249152,0.610726,0.610784
1018980990976,0.610726,0.610784
1020054732800,0.610726,0.610784
1021128474624,0.610726,0.610784
1022202216448,0.610726,0.610784
1023275958272,0.610726,0.610784
1024349700096,0.610726,0.610784
1025423441920,0.610726,0.610784
1026497183744,0.610726,0.610784
1027570925568,0.610726,0.610784
1028644667392,0.610726,0.610784
1029718409216,0.610726,0.610784
1030792151040,0.610726,0.610784
1031865892864,0.610726,0.610784
1032939634688,0.610726,0.610784
1034013376512,0.610726,0.610784
1035087118336,0.610726,0.610784
1036160860160,0.610726,0.610784
1037234601984,0.610726,0.610784
1038308343808,0.610726,0.610784
1039382085632,0.610726,0.610784
1040455827456,0.610726,0.610784
1041529569280,0.610726,0.610784
1042603311104,0.610726,0.610784
1043677052928,0.610726,0.610784
1044750794752,0.610726,0.610784
1045824536576,0.610726,0.610784
1046898278400,0.610726,0.610784
1047972020224,0.610726,0.610784
1049045762048,0.610726,0.610784
1050119503872,0.610726,0.610784
1051193245696,0.610726,0.610784
1052266987520,0.610726,0.610784
1053340729344,0.610726,0.610784
1054414471168,0.610726,0.610784
1055488212992,0.610726,0.610784
1056561954816,0.610726,0.610784
1057635696640,0.610726,0.610784
1058709438464,0.610726,0.610784
1059783180288,0.610726,0.610784
1060856922112,0.610726,0.610784
1061930663936,0.610726,0.610784
1063004405760,0.610726,0.610784
1064078147584,0.610726,0.610784
1065151889408,0.610726,0.610784
1066225631232,0.610726,0.610784
1067299373056,0.610726,0.610784
1068373114880,0.610726,0.610784
1069446856704,0.610726,0.610784
1070520598528,0.610726,0.610784
1071594340352,0.610726,0.610784
1072668082176,0.610726,0.610784
1073741824000,0.610726,0.610784
1074815565824,0.610726,0.610784
1075889307648,0.610726,0.610784
1076963049472,0.610726,0.610784
1078036791296,0.610726,0.610784
1079110533120,0.610726,0.610784
1080184274944,0.610726,0.610784
1081258016768,0.610726,0.610784
1082331758592,0.610726,0.610784
1083405500416,0.610726,0.610784
1084479242240,0.610726,0.610784
1085552984064,0.610726,0.610784
1086626725888,0.610726,0.610784
1087700467712,0.610726,0.610784
1088774209536,0.610726,0.610784
1089847951360,0.610726,0.610784
1090921693184,0.610726,0.610784
1091995435008,0.610726,0.610784
1093069176832,0.610726,0.610784
1094142918656,0.610726,0.610784
1095216660480,0.610726,0.610784
1096290402304,0.610726,0.610784
1097364144128,0.610726,0.610784
1098437885952,0.610726,0.610784
1099511627776,0.610726,0.610784
1100585369600,0.610726,0.610784
1101659111424,0.610726,0.610784
1102732853248,0.610726,0.610784
1103806595072,0.610726,0.610784
1104880336896,0.610726,0.610784
1105954078720,0.610726,0.610784
1107027820544,0.610726,0.610784
1108101562368,0.610726,0.610784
1109175304192,0.610726,0.610784
1110249046016,0.610726,0.610784
1111322787840,0.610726,0.610784
1112396529664,0.610726,0.610784
1113470271488,0.610726,0.610784
1114544013312,0.610726,0.610784
1115617755136,0.610726,0.610784
1116691496960,0.610726,0.610784
1117765238784,0.610726,0.610784
1118838980608,0.610726,0.610784
1119912722432,0.610726,0.610784
1120986464256,0.610726,0.610784
1122060206080,0.610726,0.610784
1123133947904,0.610726,0.610784
1124207689728,0.610726,0.610784
1125281431552,0.610726,0.610784
1126355173376,0.610726,0.610784
1127428915200,0.610726,0.610784
1128502657024,0.610726,0.610784
1129576398848,0.610726,0.610784
1130650140672,0.610726,0.610784
1131723882496,0.610726,0.610784
1132797624320,0.610726,0.610784
1133871366144,0.610726,0.610784
1134945107968,0.610726,0.610784
1136018849792,0.610726,0.610784
1137092591616,0.610726,0.610784
1138166333440,0.610726,0.610784
1139240075264,0.610726,0.610784
1140313817088,0.610726,0.610784
1141387558912,0.610726,0.610784
1142461300736,0.610726,0.610784
1143535042560,0.610726,0.610784
1144608784384,0.610726,0.610784
1145682526208,0.610726,0.610784
1146756268032,0.610726,0.610784
1147830009856,0.610726,0.610784
1148903751680,0.610726,0.610784
1149977493504,0.610726,0.610784
1151051235328,0.610726,0.610784
1152124977152,0.610726,0.610784
1153198718976,0.610726,0.610784
1154272460800,0.610726,0.610784
1155346202624,0.610726,0.610784
1156419944448,0.610726,0.610784
1157493686272,0.610726,0.610784
1158567428096,0.610726,0.610784
1159641169920,0.610726,0.610784
1160714911744,0.610726,0.610784
1161788653568,0.610726,0.610784
1162862395392,0.610726,0.610784
1163936137216,0.610726,0.610784
1165009879040,0.610726,0.610784
1166083620864,0.610726,0.610784
1167157362688,0.610726,0.610784
1168231104512,0.610726,0.610784
1169304846336,0.610726,0.610784
1170378588160,0.610726,0.610784
1171452329984,0.610726,0.610784
1172526071808,0.610726,0.610784
1173599813632,0.610726,0.610784
1174673555456,0.610726,0.610784
1175747297280,0.610726,0.610784
1176821039104,0.610726,0.610784
1177894780928,0.610726,0.610784
1178968522752,0.610726,0.610784
1180042264576,0.610726,0.610784
1181116006400,0.610726,0.610784
1182189748224,0.610726,0.610784
1183263490048,0.610726,0.610784
1184337231872,0.610726,0.610784
1185410973696,0.610726,0.610784
1186484715520,0.610726,0.610784
1187558457344,0.610726,0.610784
1188632199168,0.610726,0.610784
1189705940992,0.610726,0.610784
1190779682816,0.610726,0.610784
1191853424640,0.610726,0.610784
1192927166464,0.610726,0.610784
1194000908288,0.610726,0.610784
1195074650112,0.610726,0.610784
1196148391936,0.610726,0.610784
1197222133760,0.610726,0.610784
1198295875584,0.610726,0.610784
1199369617408,0.610726,0.610784
1200443359232,0.610726,0.610784
1201517101056,0.610726,0.610784
1202590842880,0.610726,0.610784
1203664584704,0.610726,0.610784
1204738326528,0.610726,0.610784
1205812068352,0.610726,0.610784
1206885810176,0.610726,0.610784
1207959552000,0.610726,0.610784
1209033293824,0.610726,0.610784
1210107035648,0.610726,0.610784
1211180777472,0.610726,0.610784
1212254519296,0.610726,0.610784
1213328261120,0.610726,0.610784
1214402002944,0.610726,0.610784
1215475744768,0.610726,0.610784
1216549486592,0.610726,0.610784
1217623228416,0.610726,0.610784
1218696970240,0.610726,0.610784
1219770712064,0.610726,0.610784
1220844453888,0.610726,0.610784
1221918195712,0.610726,0.610784
1222991937536,0.610726,0.610784
1224065679360,0.610726,0.610784
1225139421184,0.610726,0.610784
1226213163008,0.610726,0.610784
1227286904832,0.610726,0.610784
1228360646656,0.610726,0.610784
1229434388480,0.610726,0.610784
1230508130304,0.610726,0.610784
1231581872128,0.610726,0.610784
1232655613952,0.610726,0.610784
1233729355776,0.610726,0.610784
1234803097600,0.610726,0.610784
1235876839424,0.610726,0.610784
1236950581248,0.610726,0.610784
1238024323072,0.610726,0.610784
1239098064896,0.610726,0.610784
1240171806720,0.610726,0.610784
1241245548544,0.610726,0.610784
1242319290368,0.610726,0.610784
1243393032192,0.610726,0.610784
1244466774016,0.610726,0.610784
1245540515840,0.610726,0.610784
1246614257664,0.610726,0.610784
1247687999488,0.610726,0.610784
1248761741312,0.610726,0.610784
1249835483136,0.610726,0.610784
1250909224960,0.610726,0.610784
1251982966784,0.610726,0.610784
1253056708608,0.610726,0.610784
1254130450432,0.610726,0.610784
1255204192256,0.610726,0.610784
1256277934080,0.610726,0.610784
1257351675904,0.610726,0.610784
1258425417728,0.610726,0.610784
1259499159552,0.610726,0.610784
1260572901376,0.610726,0.610784
1261646643200,0.610726,0.610784
1262720385024,0.610726,0.610784
1263794126848,0.610726,0.610784
1264867868672,0.610726,0.610784
1265941610496,0.610726,0.610784
1267015352320,0.610726,0.610784
1268089094144,0.610726,0.610784
1269162835968,0.610726,0.610784
1270236577792,0.610726,0.610784
1271310319616,0.610726,0.610784
1272384061440,0.610726,0.610784
1273457803264,0.610726,0.610784
1274531545088,0.610726,0.610784
1275605286912,0.610726,0.610784
1276679028736,0.610726,0.610784
1277752770560,0.610726,0.610784
1278826512384,0.610726,0.610784
1279900254208,0.610726,0.610784
1280973996032,0.610726,0.610784
1282047737856,0.610726,0.610784
1283121479680,0.610726,0.610784
1284195221504,0.610726,0.610784
1285268963328,0.610726,0.610784
1286342705152,0.610726,0.610784
1287416446976,0.610726,0.610784
1288490188800,0.610726,0.610784
1289563930624,0.610726,0.610784
1290637672448,0.610726,0.610784
1291711414272,0.610726,0.610784
1292785156096,0.610726,0.610784
1293858897920,0.610726,0.610784
1294932639744,0.610726,0.610784
1296006381568,0.610726,0.610784
1297080123392,0.610726,0.610784
1298153865216,0.610726,0.610784
1299227607040,0.610726,0.610784
1300301348864,0.610726,0.610784
1301375090688,0.610726,0.610784
1302448832512,0.610726,0.610784
1303522574336,0.610726,0.610784
1304596316160,0.610726,0.610784
1305670057984,0.610726,0.610784
1306743799808,0.610726,0.610784
1307817541632,0.610726,0.610784
1308891283456,0.610726,0.610784
1309965025280,0.610726,0.610784
1311038767104,0.610726,0.610784
1312112508928,0.610726,0.610784
1313186250752,0.610726,0.610784
1314259992576,0.610726,0.610784
1315333734400,0.610726,0.610784
1316407476224,0.610726,0.610784
1317481218048,0.610726,0.610784
1318554959872,0.610726,0.610784
1319628701696,0.610726,0.610784
1320702443520,0.610726,0.610784
1321776185344,0.610726,0.610784
1322849927168,0.610726,0.610784
1323923668992,0.610726,0.610784
1324997410816,0.610726,0.610784
1326071152640,0.610726,0.610784
1327144894464,0.610726,0.610784
1328218636288,0.610726,0.610784
1329292378112,0.610726,0.610784
1330366119936,0.610726,0.610784
1331439861760,0.610726,0.610784
1332513603584,0.610726,0.610784
1333587345408,0.610726,0.610784
1334661087232,0.610726,0.610784
1335734829056,0.610726,0.610784
1336808570880,0.610726,0.610784
1337882312704,0.610726,0.610784
1338956054528,0.610726,0.610784
1340029796352,0.610726,0.610784
1341103538176,0.610726,0.610784
1342177280000,0.610726,0.610784
1343251021824,0.610726,0.610784
1344324763648,0.610726,0.610784
1345398505472,0.610726,0.610784
1346472247296,0.610726,0.610784
1347545989120,0.610726,0.610784
1348619730944,0.610726,0.610784
1349693472768,0.610726,0.610784
1350767214592,0.610726,0.610784
1351840956416,0.610726,0.610784
1352914698240,0.610726,0.610784
1353988440064,0.610726,0.610784
1355062181888,0.610726,0.610784
1356135923712,0.610726,0.610784
1357209665536,0.610726,0.610784
1358283407360,0.610726,0.610784
1359357149184,0.610726,0.610784
1360430891008,0.610726,0.610784
1361504632832,0.610726,0.610784
1362578374656,0.610726,0.610784
1363652116480,0.610726,0.610784
1364725858304,0.610726,0.610784
1365799600128,0.610726,0.610784
1366873341952,0.610726,0.610784
1367947083776,0.610726,0.610784
1369020825600,0.610726,0.610784
1370094567424,0.610726,0.610784
1371168309248,0.610726,0.610784
1372242051072,0.610726,0.610784
1373315792896,0.610726,0.610784
1374389534720,0.610726,0.610784
1375463276544,0.610726,0.610784
1376537018368,0.610726,0.610784
1377610760192,0.610726,0.610784
1378684502016,0.610726,0.610784
1379758243840,0.610726,0.610784
1380831985664,0.610726,0.610784
1381905727488,0.610726,0.610784
1382979469312,0.610726,0.610784
1384053211136,0.610726,0.610784
1385126952960,0.610726,0.610784
1386200694784,0.610726,0.610784
1387274436608,0.610726,0.610784
1388348178432,0.610726,0.610784
1389421920256,0.610726,0.610784
1390495662080,0.610726,0.610784
1391569403904,0.610726,0.610784
1392643145728,0.610726,0.610784
1393716887552,0.610726,0.610784
1394790629376,0.610726,0.610784
1395864371200,0.610726,0.610784
1396938113024,0.610726,0.610784
1398011854848,0.610726,0.610784
1399085596672,0.610726,0.610784
1400159338496,0.610726,0.610784
1401233080320,0.610726,0.610784
1402306822144,0.610726,0.610784
1403380563968,0.610726,0.610784
1404454305792,0.610726,0.610784
1405528047616,0.610726,0.610784
1406601789440,0.610726,0.610784
1407675531264,0.610726,0.610784
1408749273088,0.610726,0.610784
1409823014912,0.610726,0.610784
1410896756736,0.610726,0.610784
1411970498560,0.610726,0.610784
1413044240384,0.610726,0.610784
1414117982208,0.610726,0.610784
1415191724032,0.610726,0.610784
1416265465856,0.610726,0.610784
1417339207680,0.610726,0.610784
1418412949504,0.610726,0.610784
1419486691328,0.610726,0.610784
1420560433152,0.610726,0.610784
1421634174976,0.610726,0.610784
1422707916800,0.610726,0.610784
1423781658624,0.610726,0.610784
1424855400448,0.610726,0.610784
1425929142272,0.610726,0.610784
1427002884096,0.610726,0.610784
1428076625920,0.610726,0.610784
1429150367744,0.610726,0.610784
1430224109568,0.610726,0.610784
1431297851392,0.610726,0.610784
1432371593216,0.610726,0.610784
1433445335040,0.610726,0.610784
1434519076864,0.610726,0.610784
1435592818688,0.610726,0.610784
1436666560512,0.610726,0.610784
1437740302336,0.610726,0.610784
1438814044160,0.610726,0.610784
1439887785984,0.610726,0.610784
1440961527808,0.610726,0.610784
1442035269632,0.610726,0.610784
1443109011456,0.610726,0.610784
1444182753280,0.610726,0.610784
1445256495104,0.610726,0.610784
1446330236928,0.610726,0.610784
1447403978752,0.610726,0.610784
1448477720576,0.610726,0.610784
1449551462400,0.610726,0.610784
1450625204224,0.610726,0.610784
1451698946048,0.610726,0.610784
1452772687872,0.610726,0.610784
1453846429696,0.610726,0.610784
1454920171520,0.610726,0.610784
1455993913344,0.610726,0.610784
1457067655168,0.610726,0.610784
1458141396992,0.610726,0.610784
1459215138816,0.610726,0.610784
1460288880640,0.610726,0.610784
1461362622464,0.610726,0.610784
1462436364288,0.610726,0.610784
1463510106112,0.610726,0.610784
1464583847936,0.610726,0.610784
1465657589760,0.610726,0.610784
1466731331584,0.610726,0.610784
1467805073408,0.610726,0.610784
1468878815232,0.610726,0.610784
1469952557056,0.610726,0.610784
1471026298880,0.610726,0.610784
1472100040704,0.610726,0.610784
1473173782528,0.610726,0.610784
1474247524352,0.610726,0.610784
1475321266176,0.610726,0.610784
1476395008000,0.610726,0.610784
1477468749824,0.610726,0.610784
1478542491648,0.610726,0.610784
1479616233472,0.610726,0.610784
1480689975296,0.610726,0.610784
1481763717120,0.610726,0.610784
1482837458944,0.610726,0.610784
1483911200768,0.610726,0.610784
1484984942592,0.610726,0.610784
1486058684416,0.610726,0.610784
1487132426240,0.610726,0.610784
1488206168064,0.610726,0.610784
1489279909888,0.610726,0.610784
1490353651712,0.610726,0.610784
1491427393536,0.610726,0.610784
1492501135360,0.610726,0.610784
1493574877184,0.610726,0.610784
1494648619008,0.610726,0.610784
1495722360832,0.610726,0.610784
1496796102656,0.610726,0.610784
1497869844480,0.610726,0.610784
1498943586304,0.610726,0.610784
1500017328128,0.610726,0.610784
1501091069952,0.610726,0.610784
1502164811776,0.610726,0.610784
1503238553600,0.610726,0.610784
1504312295424,0.610726,0.610784
1505386037248,0.610726,0.610784
1506459779072,0.610726,0.610784
1507533520896,0.610726,0.610784
1508607262720,0.610726,0.610784
1509681004544,0.610726,0.610784
1510754746368,0.610726,0.610784
1511828488192,0.610726,0.610784
1512902230016,0.610726,0.610784
1513975971840,0.610726,0.610784
1515049713664,0.610726,0.610784
1516123455488,0.610726,0.610784
1517197197312,0.610726,0.610784
1518270939136,0.610726,0.610784
1519344680960,0.610726,0.610784
1520418422784,0.610726,0.610784
1521492164608,0.610726,0.610784
1522565906432,0.610726,0.610784
1523639648256,0.610726,0.610784
1524713390080,0.610726,0.610784
1525787131904,0.610726,0.610784
1526860873728,0.610726,0.610784
1527934615552,0.610726,0.610784
1529008357376,0.610726,0.610784
1530082099200,0.610726,0.610784
1531155841024,0.610726,0.610784
1532229582848,0.610726,0.610784
1533303324672,0.610726,0.610784
1534377066496,0.610726,0.610784
1535450808320,0.610726,0.610784
1536524550144,0.610726,0.610784
1537598291968,0.610726,0.610784
1538672033792,0.610726,0.610784
1539745775616,0.610726,0.610784
1540819517440,0.610726,0.610784
1541893259264,0.610726,0.610784
1542967001088,0.610726,0.610784
1544040742912,0.610726,0.610784
1545114484736,0.610726,0.610784
1546188226560,0.610726,0.610784
1547261968384,0.610726,0.610784
1548335710208,0.610726,0.610784
1549409452032,0.610726,0.610784
1550483193856,0.610726,0.610784
1551556935680,0.610726,0.610784
1552630677504,0.610726,0.610784
1553704419328,0.610726,0.610784
1554778161152,0.610726,0.610784
1555851902976,0.610726,0.610784
1556925644800,0.610726,0.610784
1557999386624,0.610726,0.610784
1559073128448,0.610726,0.610784
1560146870272,0.610726,0.610784
1561220612096,0.610726,0.610784
1562294353920,0.610726,0.610784
1563368095744,0.610726,0.610784
1564441837568,0.610726,0.610784
1565515579392,0.610726,0.610784
1566589321216,0.610726,0.610784
1567663063040,0.610726,0.610784
1568736804864,0.610726,0.610784
1569810546688,0.610726,0.610784
1570884288512,0.610726,0.610784
1571958030336,0.610726,0.610784
1573031772160,0.610726,0.610784
1574105513984,0.610726,0.610784
1575179255808,0.610726,0.610784
1576252997632,0.610726,0.610784
1577326739456,0.610726,0.610784
1578400481280,0.610726,0.610784
1579474223104,0.610726,0.610784
1580547964928,0.610726,0.610784
1581621706752,0.610726,0.610784
1582695448576,0.610726,0.610784
1583769190400,0.610726,0.610784
1584842932224,0.610726,0.610784
1585916674048,0.610726,0.610784
1586990415872,0.610726,0.610784
1588064157696,0.610726,0.610784
1589137899520,0.610726,0.610784
1590211641344,0.610726,0.610784
1591285383168,0.610726,0.610784
1592359124992,0.610726,0.610784
1593432866816,0.610726,0.610784
1594506608640,0.610726,0.610784
1595580350464,0.610726,0.610784
1596654092288,0.610726,0.610784
1597727834112,0.610726,0.610784
1598801575936,0.610726,0.610784
1599875317760,0.610726,0.610784
1600949059584,0.610726,0.610784
1602022801408,0.610726,0.610784
1603096543232,0.610726,0.610784
1604170285056,0.610726,0.610784
1605244026880,0.610726,0.610784
1606317768704,0.610726,0.610784
1607391510528,0.610726,0.610784
1608465252352,0.610726,0.610784
1609538994176,0.610726,0.610784
1610612736000,0.610726,0.610784
1611686477824,0.610726,0.610784
1612760219648,0.610726,0.610784
1613833961472,0.610726,0.610784
1614907703296,0.610726,0.610784
1615981445120,0.610726,0.610784
1617055186944,0.610726,0.610784
1618128928768,0.610726,0.610784
1619202670592,0.610726,0.610784
1620276412416,0.610726,0.610784
1621350154240,0.610726,0.610784
1622423896064,0.610726,0.610784
1623497637888,0.610726,0.610784
1624571379712,0.610726,0.610784
1625645121536,0.610726,0.610784
1626718863360,0.610726,0.610784
1627792605184,0.610726,0.610784
1628866347008,0.610726,0.610784
1629940088832,0.610726,0.610784
1631013830656,0.610726,0.610784
1632087572480,0.610726,0.610784
1633161314304,0.610726,0.610784
1634235056128,0.610726,0.610784
1635308797952,0.610726,0.610784
1636382539776,0.610726,0.610784
1637456281600,0.610726,0.610784
1638530023424,0.610726,0.610784
1639603765248,0.610726,0.610784
1640677507072,0.610726,0.610784
1641751248896,0.610726,0.610784
1642824990720,0.610726,0.610784
1643898732544,0.610726,0.610784
1644972474368,0.610726,0.610784
1646046216192,0.610726,0.610784
1647119958016,0.610726,0.610784
1648193699840,0.610726,0.610784
1649267441664,0.610726,0.610784
1650341183488,0.610726,0.610784
1651414925312,0.610726,0.610784
1652488667136,0.610726,0.610784
1653562408960,0.610726,0.610784
1654636150784,0.610726,0.610784
1655709892608,0.610726,0.610784
1656783634432,0.610726,0.610784
1657857376256,0.610726,0.610784
1658931118080,0.610726,0.610784
1660004859904,0.610726,0.610784
1661078601728,0.610726,0.610784
1662152343552,0.610726,0.610784
1663226085376,0.610726,0.610784
1664299827200,0.610726,0.610784
1665373569024,0.610726,0.610784
1666447310848,0.610726,0.610784
1667521052672,0.610726,0.610784
1668594794496,0.610726,0.610784
1669668536320,0.610726,0.610784
1670742278144,0.610726,0.610784
1671816019968,0.610726,0.610784
1672889761792,0.610726,0.610784
1673963503616,0.610726,0.610784
1675037245440,0.610726,0.610784
1676110987264,0.610726,0.610784
1677184729088,0.610726,0.610784
1678258470912,0.610726,0.610784
1679332212736,0.610726,0.610784
1680405954560,0.610726,0.610784
1681479696384,0.610726,0.610784
1682553438208,0.610726,0.610784
1683627180032,0.610726,0.610784
1684700921856,0.610726,0.610784
1685774663680,0.610726,0.610784
1686848405504,0.610726,0.610784
1687922147328,0.610726,0.610784
1688995889152,0.610726,0.610784
1690069630976,0.610726,0.610784
1691143372800,0.610726,0.610784
1692217114624,0.610726,0.610784
1693290856448,0.610726,0.610784
1694364598272,0.610726,0.610784
1695438340096,0.610726,0.610784
1696512081920,0.610726,0.610784
1697585823744,0.610726,0.610784
1698659565568,0.610726,0.610784
1699733307392,0.610726,0.610784
1700807049216,0.610726,0.610784
1701880791040,0.610726,0.610784
1702954532864,0.610726,0.610784
1704028274688,0.610726,0.610784
1705102016512,0.610726,0.610784
1706175758336,0.610726,0.610784
1707249500160,0.610726,0.610784
1708323241984,0.610726,0.610784
1709396983808,0.610726,0.610784
1710470725632,0.610726,0.610784
1711544467456,0.610726,0.610784
1712618209280,0.610726,0.610784
1713691951104,0.610726,0.610784
1714765692928,0.610726,0.610784
1715839434752,0.610726,0.610784
1716913176576,0.610726,0.610784
1717986918400,0.610726,0.610784
1719060660224,0.610726,0.610784
1720134402048,0.610726,0.610784
1721208143872,0.610726,0.610784
1722281885696,0.610726,0.610784
1723355627520,0.610726,0.610784
1724429369344,0.610726,0.610784
1725503111168,0.610726,0.610784
1726576852992,0.610726,0.610784
1727650594816,0.610726,0.610784
1728724336640,0.610726,0.610784
1729798078464,0.610726,0.610784
1730871820288,0.610726,0.610784
1731945562112,0.610726,0.610784
1733019303936,0.610726,0.610784
1734093045760,0.610726,0.610784
1735166787584,0.610726,0.610784
1736240529408,0.610726,0.610784
1737314271232,0.610726,0.610784
1738388013056,0.610726,0.610784
1739461754880,0.610726,0.610784
1740535496704,0.610726,0.610784
1741609238528,0.610726,0.610784
1742682980352,0.610726,0.610784
1743756722176,0.610726,0.610784
1744830464000,0.610726,0.610784
1745904205824,0.610726,0.610784
1746977947648,0.610726,0.610784
1748051689472,0.610726,0.610784
1749125431296,0.610726,0.610784
1750199173120,0.610726,0.610784
1751272914944,0.610726,0.610784
1752346656768,0.610726,0.610784
1753420398592,0.610726,0.610784
1754494140416,0.610726,0.610784
1755567882240,0.610726,0.610784
1756641624064,0.610726,0.610784
1757715365888,0.610726,0.610784
1758789107712,0.610726,0.610784
1759862849536,0.610726,0.610784
1760936591360,0.610726,0.610784
1762010333184,0.610726,0.610784
1763084075008,0.610726,0.610784
1764157816832,0.610726,0.610784
1765231558656,0.610726,0.610784
1766305300480,0.610726,0.610784
1767379042304,0.610726,0.610784
1768452784128,0.610726,0.610784
1769526525952,0.610726,0.610784
1770600267776,0.610726,0.610784
1771674009600,0.610726,0.610784
1772747751424,0.610726,0.610784
1773821493248,0.610726,0.610784
1774895235072,0.610726,0.610784
1775968976896,0.610726,0.610784
1777042718720,0.610726,0.610784
1778116460544,0.610726,0.610784
1779190202368,0.610726,0.610784
1780263944192,0.610726,0.610784
1781337686016,0.610726,0.610784
1782411427840,0.610726,0.610784
1783485169664,0.610726,0.610784
1784558911488,0.610726,0.610784
1785632653312,0.610726,0.610784
1786706395136,0.610726,0.610784
1787780136960,0.610726,0.610784
1788853878784,0.610726,0.610784
1789927620608,0.610726,0.610784
1791001362432,0.610726,0.610784
1792075104256,0.610726,0.610784
1793148846080,0.610726,0.610784
1794222587904,0.610726,0.610784
1795296329728,0.610726,0.610784
1796370071552,0.610726,0.610784
1797443813376,0.610726,0.610784
1798517555200,0.610726,0.610784
1799591297024,0.610726,0.610784
1800665038848,0.610726,0.610784
1801738780672,0.610726,0.610784
1802812522496,0.610726,0.610784
1803886264320,0.610726,0.610784
1804960006144,0.610726,0.610784
1806033747968,0.610726,0.610784
1807107489792,0.610726,0.610784
1808181231616,0.610726,0.610784
1809254973440,0.610726,0.610784
1810328715264,0.610726,0.610784
1811402457088,0.610726,0.610784
1812476198912,0.610726,0.610784
1813549940736,0.610726,0.610784
1814623682560,0.610726,0.610784
1815697424384,0.610726,0.610784
1816771166208,0.610726,0.610784
1817844908032,0.610726,0.610784
1818918649856,0.610726,0.610784
1819992391680,0.610726,0.610784
1821066133504,0.610726,0.610784
1822139875328,0.610726,0.610784
1823213617152,0.610726,0.610784
1824287358976,0.610726,0.610784
1825361100800,0.610726,0.610784
1826434842624,0.610726,0.610784
1827508584448,0.610726,0.610784
1828582326272,0.610726,0.610784
1829656068096,0.610726,0.610784
1830729809920,0.610726,0.610784
1831803551744,0.610726,0.610784
1832877293568,0.610726,0.610784
1833951035392,0.610726,0.610784
1835024777216,0.610726,0.610784
1836098519040,0.610726,0.610784
1837172260864,0.610726,0.610784
1838246002688,0.610726,0.610784
1839319744512,0.610726,0.610784
1840393486336,0.610726,0.610784
1841467228160,0.610726,0.610784
1842540969984,0.610726,0.610784
1843614711808,0.610726,0.610784
1844688453632,0.610726,0.610784
1845762195456,0.610726,0.610784
1846835937280,0.610726,0.610784
1847909679104,0.610726,0.610784
1848983420928,0.610726,0.610784
1850057162752,0.610726,0.610784
1851130904576,0.610726,0.610784
1852204646400,0.610726,0.610784
1853278388224,0.610726,0.610784
1854352130048,0.610726,0.610784
1855425871872,0.610726,0.610784
1856499613696,0.610726,0.610784
1857573355520,0.610726,0.610784
1858647097344,0.610726,0.610784
1859720839168,0.610726,0.610784
1860794580992,0.610726,0.610784
1861868322816,0.610726,0.610784
1862942064640,0.610726,0.610784
1864015806464,0.610726,0.610784
1865089548288,0.610726,0.610784
1866163290112,0.610726,0.610784
1867237031936,0.610726,0.610784
1868310773760,0.610726,0.610784
1869384515584,0.610726,0.610784
1870458257408,0.610726,0.610784
1871531999232,0.610726,0.610784
1872605741056,0.610726,0.610784
1873679482880,0.610726,0.610784
1874753224704,0.610726,0.610784
1875826966528,0.610726,0.610784
1876900708352,0.610726,0.610784
1877974450176,0.610726,0.610784
1879048192000,0.610726,0.610784
1880121933824,0.610726,0.610784
1881195675648,0.610726,0.610784
1882269417472,0.610726,0.610784
1883343159296,0.610726,0.610784
1884416901120,0.610726,0.610784
1885490642944,0.610726,0.610784
1886564384768,0.610726,0.610784
1887638126592,0.610726,0.610784
1888711868416,0.610726,0.610784
1889785610240,0.610726,0.610784
1890859352064,0.610726,0.610784
1891933093888,0.610726,0.610784
1893006835712,0.610726,0.610784
1894080577536,0.610726,0.610784
1895154319360,0.610726,0.610784
1896228061184,0.610726,0.610784
1897301803008,0.610726,0.610784
1898375544832,0.610726,0.610784
1899449286656,0.610726,0.610784
1900523028480,0.610726,0.610784
1901596770304,0.610726,0.610784
1902670512128,0.610726,0.610784
1903744253952,0.610726,0.610784
1904817995776,0.610726,0.610784
1905891737600,0.610726,0.610784
1906965479424,0.610726,0.610784
1908039221248,0.610726,0.610784
1909112963072,0.610726,0.610784
1910186704896,0.610726,0.610784
1911260446720,0.610726,0.610784
1912334188544,0.610726,0.610784
1913407930368,0.610726,0.610784
1914481672192,0.610726,0.610784
1915555414016,0.610726,0.610784
1916629155840,0.610726,0.610784
1917702897664,0.610726,0.610784
1918776639488,0.610726,0.610784
1919850381312,0.610726,0.610784
1920924123136,0.610726,0.610784
1921997864960,0.610726,0.610784
1923071606784,0.610726,0.610784
1924145348608,0.610726,0.610784
1925219090432,0.610726,0.610784
1926292832256,0.610726,0.610784
1927366574080,0.610726,0.610784
1928440315904,0.610726,0.610784
1929514057728,0.610726,0.610784
1930587799552,0.610726,0.610784
1931661541376,0.610726,0.610784
1932735283200,0.610726,0.610784
1933809025024,0.610726,0.610784
1934882766848,0.610726,0.610784
1935956508672,0.610726,0.610784
1937030250496,0.610726,0.610784
1938103992320,0.610726,0.610784
1939177734144,0.610726,0.610784
1940251475968,0.610726,0.610784
1941325217792,0.610726,0.610784
1942398959616,0.610726,0.610784
1943472701440,0.610726,0.610784
1944546443264,0.610726,0.610784
1945620185088,0.610726,0.610784
1946693926912,0.610726,0.610784
1947767668736,0.610726,0.610784
1948841410560,0.610726,0.610784
1949915152384,0.610726,0.610784
1950988894208,0.610726,0.610784
1952062636032,0.610726,0.610784
1953136377856,0.610726,0.610784
1954210119680,0.610726,0.610784
1955283861504,0.610726,0.610784
1956357603328,0.610726,0.610784
1957431345152,0.610726,0.610784
1958505086976,0.610726,0.610784
1959578828800,0.610726,0.610784
1960652570624,0.610726,0.610784
1961726312448,0.610726,0.610784
1962800054272,0.610726,0.610784
1963873796096,0.610726,0.610784
1964947537920,0.610726,0.610784
1966021279744,0.610726,0.610784
1967095021568,0.610726,0.610784
1968168763392,0.610726,0.610784
1969242505216,0.610726,0.610784
1970316247040,0.610726,0.610784
1971389988864,0.610726,0.610784
1972463730688,0.610726,0.610784
1973537472512,0.610726,0.610784
1974611214336,0.610726,0.610784
1975684956160,0.610726,0.610784
1976758697984,0.610726,0.610784
1977832439808,0.610726,0.610784
1978906181632,0.610726,0.610784
1979979923456,0.610726,0.610784
1981053665280,0.610726,0.610784
1982127407104,0.610726,0.610784
1983201148928,0.610726,0.610784
1984274890752,0.610726,0.610784
1985348632576,0.610726,0.610784
1986422374400,0.610726,0.610784
1987496116224,0.610726,0.610784
1988569858048,0.610726,0.610784
1989643599872,0.610726,0.610784
1990717341696,0.610726,0.610784
1991791083520,0.610726,0.610784
1992864825344,0.610726,0.610784
1993938567168,0.610726,0.610784
1995012308992,0.610726,0.610784
1996086050816,0.610726,0.610784
1997159792640,0.610726,0.610784
1998233534464,0.610726,0.610784
1999307276288,0.610726,0.610784
2000381018112,0.610726,0.610784
2001454759936,0.610726,0.610784
2002528501760,0.610726,0.610784
2003602243584,0.610726,0.610784
2004675985408,0.610726,0.610784
2005749727232,0.610726,0.610784
2006823469056,0.610726,0.610784
2007897210880,0.610726,0.610784
2008970952704,0.610726,0.610784
2010044694528,0.610726,0.610784
2011118436352,0.610726,0.610784
2012192178176,0.610726,0.610784
2013265920000,0.610726,0.610784
2014339661824,0.610726,0.610784
2015413403648,0.610726,0.610784
2016487145472,0.610726,0.610784
2017560887296,0.610726,0.610784
2018634629120,0.610726,0.610784
2019708370944,0.610726,0.610784
2020782112768,0.610726,0.610784
2021855854592,0.610726,0.610784
2022929596416,0.610726,0.610784
2024003338240,0.610726,0.610784
2025077080064,0.610726,0.610784
2026150821888,0.610726,0.610784
2027224563712,0.610726,0.610784
2028298305536,0.610726,0.610784
2029372047360,0.610726,0.610784
2030445789184,0.610726,0.610784
2031519531008,0.610726,0.610784
2032593272832,0.610726,0.610784
2033667014656,0.610726,0.610784
2034740756480,0.610726,0.610784
2035814498304,0.610726,0.610784
2036888240128,0.610726,0.610784
2037961981952,0.610726,0.610784
2039035723776,0.610726,0.610784
2040109465600,0.610726,0.610784
2041183207424,0.610726,0.610784
2042256949248,0.610726,0.610784
2043330691072,0.610726,0.610784
2044404432896,0.610726,0.610784
2045478174720,0.610726,0.610784
2046551916544,0.610726,0.610784
2047625658368,0.610726,0.610784
2048699400192,0.610726,0.610784
2049773142016,0.610726,0.610784
2050846883840,0.610726,0.610784
2051920625664,0.610726,0.610784
2052994367488,0.610726,0.610784
2054068109312,0.610726,0.610784
2055141851136,0.610726,0.610784
2056215592960,0.610726,0.610784
2057289334784,0.610726,0.610784
2058363076608,0.610726,0.610784
2059436818432,0.610726,0.610784
2060510560256,0.610726,0.610784
2061584302080,0.610726,0.610784
2062658043904,0.610726,0.610784
2063731785728,0.610726,0.610784
2064805527552,0.610726,0.610784
2065879269376,0.610726,0.610784
2066953011200,0.610726,0.610784
2068026753024,0.610726,0.610784
2069100494848,0.610726,0.610784
2070174236672,0.610726,0.610784
2071247978496,0.610726,0.610784
2072321720320,0.610726,0.610784
2073395462144,0.610726,0.610784
2074469203968,0.610726,0.610784
2075542945792,0.610726,0.610784
2076616687616,0.610726,0.610784
2077690429440,0.610726,0.610784
2078764171264,0.610726,0.610784
2079837913088,0.610726,0.610784
2080911654912,0.610726,0.610784
2081985396736,0.610726,0.610784
2083059138560,0.610726,0.610784
2084132880384,0.610726,0.610784
2085206622208,0.610726,0.610784
2086280364032,0.610726,0.610784
2087354105856,0.610726,0.610784
2088427847680,0.610726,0.610784
2089501589504,0.610726,0.610784
2090575331328,0.610726,0.610784
2091649073152,0.610726,0.610784
2092722814976,0.610726,0.610784
2093796556800,0.610726,0.610784
2094870298624,0.610726,0.610784
2095944040448,0.610726,0.610784
2097017782272,0.610726,0.610784
2098091524096,0.610726,0.610784
2099165265920,0.610726,0.610784
2100239007744,0.610726,0.610784
2101312749568,0.610726,0.610784
2102386491392,0.610726,0.610784
2103460233216,0.610726,0.610784
2104533975040,0.610726,0.610784
2105607716864,0.610726,0.610784
2106681458688,0.610726,0.610784
2107755200512,0.610726,0.610784
2108828942336,0.610726,0.610784
2109902684160,0.610726,0.610784
2110976425984,0.610726,0.610784
2112050167808,0.610726,0.610784
2113123909632,0.610726,0.610784
2114197651456,0.610726,0.610784
2115271393280,0.610726,0.610784
2116345135104,0.610726,0.610784
2117418876928,0.610726,0.610784
2118492618752,0.610726,0.610784
2119566360576,0.610726,0.610784
2120640102400,0.610726,0.610784
2121713844224,0.610726,0.610784
2122787586048,0.610726,0.610784
2123861327872,0.610726,0.610784
2124935069696,0.610726,0.610784
2126008811520,0.610726,0.610784
2127082553344,0.610726,0.610784
2128156295168,0.610726,0.610784
2129230036992,0.610726,0.610784
2130303778816,0.610726,0.610784
2131377520640,0.610726,0.610784
2132451262464,0.610726,0.610784
2133525004288,0.610726,0.610784
2134598746112,0.610726,0.610784
2135672487936,0.610726,0.610784
2136746229760,0.610726,0.610784
2137819971584,0.610726,0.610784
2138893713408,0.610726,0.610784
2139967455232,0.610726,0.610784
2141041197056,0.610726,0.610784
2142114938880,0.610726,0.610784
2143188680704,0.610726,0.610784
2144262422528,0.610726,0.610784
2145336164352,0.610726,0.610784
2146409906176,0.610726,0.610784
2147483648000,0.610726,0.610784
2148557389824,0.610726,0.610784
2149631131648,0.610726,0.610784
2150704873472,0.610726,0.610784
2151778615296,0.610726,0.610784
2152852357120,0.610726,0.610784
2153926098944,0.610726,0.610784
2154999840768,0.610726,0.610784
2156073582592,0.610726,0.610784
2157147324416,0.610726,0.610784
2158221066240,0.610726,0.610784
2159294808064,0.610726,0.610784
2160368549888,0.610726,0.610784
2161442291712,0.610726,0.610784
2162516033536,0.610726,0.610784
2163589775360,0.610726,0.610784
2164663517184,0.610726,0.610784
2165737259008,0.610726,0.610784
2166811000832,0.610726,0.610784
2167884742656,0.610726,0.610784
2168958484480,0.610726,0.610784
2170032226304,0.610726,0.610784
2171105968128,0.610726,0.610784
2172179709952,0.610726,0.610784
2173253451776,0.610726,0.610784
2174327193600,0.610726,0.610784
2175400935424,0.610726,0.610784
2176474677248,0.610726,0.610784
2177548419072,0.610726,0.610784
2178622160896,0.610726,0.610784
2179695902720,0.610726,0.610784
2180769644544,0.610726,0.610784
2181843386368,0.610726,0.610784
2182917128192,0.610726,0.610784
2183990870016,0.610726,0.610784
2185064611840,0.610726,0.610784
2186138353664,0.610726,0.610784
2187212095488,0.610726,0.610784
2188285837312,0.610726,0.610784
2189359579136,0.610726,0.610784
2190433320960,0.610726,0.610784
2191507062784,0.610726,0.610784
2192580804608,0.610726,0.610784
2193654546432,0.610726,0.610784
2194728288256,0.610726,0.610784
2195802030080,0.610726,0.610784
2196875771904,0.610726,0.610784
2197949513728,0.610726,0.610784
2199023255552,0.610726,0.610784
2200096997376,0.610726,0.610784
2201170739200,0.610726,0.610784
2202244481024,0.610726,0.610784
2203318222848,0.610726,0.610784
2204391964672,0.610726,0.610784
2205465706496,0.610726,0.610784
2206539448320,0.610726,0.610784
2207613190144,0.610726,0.610784
2208686931968,0.610726,0.610784
2209760673792,0.610726,0.610784
2210834415616,0.610726,0.610784
2211908157440,0.610726,0.610784
2212981899264,0.610726,0.610784
2214055641088,0.610726,0.610784
2215129382912,0.610726,0.610784
2216203124736,0.610726,0.610784
2217276866560,0.610726,0.610784
2218350608384,0.610726,0.610784
2219424350208,0.610726,0.610784
2220498092032,0.610726,0.610784
2221571833856,0.610726,0.610784
2222645575680,0.610726,0.610784
2223719317504,0.610726,0.610784
2224793059328,0.610726,0.610784
2225866801152,0.610726,0.610784
2226940542976,0.610726,0.610784
2228014284800,0.610726,0.610784
2229088026624,0.610726,0.610784
2230161768448,0.610726,0.610784
2231235510272,0.610726,0.610784
2232309252096,0.610726,0.610784
2233382993920,0.610726,0.610784
2234456735744,0.610726,0.610784
2235530477568,0.610726,0.610784
2236604219392,0.610726,0.610784
2237677961216,0.610726,0.610784
2238751703040,0.610726,0.610784
2239825444864,0.610726,0.610784
2240899186688,0.610726,0.610784
2241972928512,0.610726,0.610784
2243046670336,0.610726,0.610784
2244120412160,0.610726,0.610784
2245194153984,0.610726,0.610784
2246267895808,0.610726,0.610784
2247341637632,0.610726,0.610784
2248415379456,0.610726,0.610784
2249489121280,0.610726,0.610784
2250562863104,0.610726,0.610784
2251636604928,0.610726,0.610784
2252710346752,0.610726,0.610784
2253784088576,0.610726,0.610784
2254857830400,0.610726,0.610784
2255931572224,0.610726,0.610784
2257005314048,0.610726,0.610784
2258079055872,0.610726,0.610784
2259152797696,0.610726,0.610784
2260226539520,0.610726,0.610784
2261300281344,0.610726,0.610784
2262374023168,0.610726,0.610784
2263447764992,0.610726,0.610784
2264521506816,0.610726,0.610784
2265595248640,0.610726,0.610784
2266668990464,0.610726,0.610784
2267742732288,0.610726,0.610784
2268816474112,0.610726,0.610784
2269890215936,0.610726,0.610784
2270963957760,0.610726,0.610784
2272037699584,0.610726,0.610784
2273111441408,0.610726,0.610784
2274185183232,0.610726,0.610784
2275258925056,0.610726,0.610784
2276332666880,0.610726,0.610784
2277406408704,0.610726,0.610784
2278480150528,0.610726,0.610784
2279553892352,0.610726,0.610784
2280627634176,0.610726,0.610784
2281701376000,0.610726,0.610784
2282775117824,0.610726,0.610784
2283848859648,0.610726,0.610784
2284922601472,0.610726,0.610784
2285996343296,0.610726,0.610784
2287070085120,0.610726,0.610784
2288143826944,0.610726,0.610784
2289217568768,0.610726,0.610784
2290291310592,0.610726,0.610784
2291365052416,0.610726,0.610784
2292438794240,0.610726,0.610784
2293512536064,0.610726,0.610784
2294586277888,0.610726,0.610784
2295660019712,0.610726,0.610784
2296733761536,0.610726,0.610784
2297807503360,0.610726,0.610784
2298881245184,0.610726,0.610784
2299954987008,0.610726,0.610784
2301028728832,0.610726,0.610784
2302102470656,0.610726,0.610784
2303176212480,0.610726,0.610784
2304249954304,0.610726,0.610784
2305323696128,0.610726,0.610784
2306397437952,0.610726,0.610784
2307471179776,0.610726,0.610784
2308544921600,0.610726,0.610784
2309618663424,0.610726,0.610784
2310692405248,0.610726,0.610784
2311766147072,0.610726,0.610784
2312839888896,0.610726,0.610784
2313913630720,0.610726,0.610784
2314987372544,0.610726,0.610784
2316061114368,0.610726,0.610784
2317134856192,0.610726,0.610784
2318208598016,0.610726,0.610784
2319282339840,0.610726,0.610784
2320356081664,0.610726,0.610784
2321429823488,0.610726,0.610784
2322503565312,0.610726,0.610784
2323577307136,0.610726,0.610784
2324651048960,0.610726,0.610784
2325724790784,0.610726,0.610784
2326798532608,0.610726,0.610784
2327872274432,0.610726,0.610784
2328946016256,0.610726,0.610784
2330019758080,0.610726,0.610784
2331093499904,0.610726,0.610784
2332167241728,0.610726,0.610784
2333240983552,0.610726,0.610784
2334314725376,0.610726,0.610784
2335388467200,0.610726,0.610784
2336462209024,0.610726,0.610784
2337535950848,0.610726,0.610784
2338609692672,0.610726,0.610784
2339683434496,0.610726,0.610784
2340757176320,0.610726,0.610784
2341830918144,0.610726,0.610784
2342904659968,0.610726,0.610784
2343978401792,0.610726,0.610784
2345052143616,0.610726,0.610784
2346125885440,0.610726,0.610784
2347199627264,0.610726,0.610784
2348273369088,0.610726,0.610784
2349347110912,0.610726,0.610784
2350420852736,0.610726,0.610784
2351494594560,0.610726,0.610784
2352568336384,0.610726,0.610784
2353642078208,0.610726,0.610784
2354715820032,0.610726,0.610784
2355789561856,0.610726,0.610784
2356863303680,0.610726,0.610784
2357937045504,0.610726,0.610784
2359010787328,0.610726,0.610784
2360084529152,0.610726,0.610784
2361158270976,0.610726,0.610784
2362232012800,0.610726,0.610784
2363305754624,0.610726,0.610784
2364379496448,0.610726,0.610784
2365453238272,0.610726,0.610784
2366526980096,0.610726,0.610784
2367600721920,0.610726,0.610784
2368674463744,0.610726,0.610784
2369748205568,0.610726,0.610784
2370821947392,0.610726,0.610784
2371895689216,0.610726,0.610784
2372969431040,0.610726,0.610784
2374043172864,0.610726,0.610784
2375116914688,0.610726,0.610784
2376190656512,0.610726,0.610784
2377264398336,0.610726,0.610784
2378338140160,0.610726,0.610784
2379411881984,0.610726,0.610784
2380485623808,0.610726,0.610784
2381559365632,0.610726,0.610784
2382633107456,0.610726,0.610784
2383706849280,0.610726,0.610784
2384780591104,0.610726,0.610784
2385854332928,0.610726,0.610784
2386928074752,0.610726,0.610784
2388001816576,0.610726,0.610784
2389075558400,0.610726,0.610784
2390149300224,0.610726,0.610784
2391223042048,0.610726,0.610784
2392296783872,0.610726,0.610784
2393370525696,0.610726,0.610784
2394444267520,0.610726,0.610784
2395518009344,0.610726,0.610784
2396591751168,0.610726,0.610784
2397665492992,0.610726,0.610784
2398739234816,0.610726,0.610784
2399812976640,0.610726,0.610784
2400886718464,0.610726,0.610784
2401960460288,0.610726,0.610784
2403034202112,0.610726,0.610784
2404107943936,0.610726,0.610784
2405181685760,0.610726,0.610784
2406255427584,0.610726,0.610784
2407329169408,0.610726,0.610784
2408402911232,0.610726,0.610784
2409476653056,0.610726,0.610784
2410550394880,0.610726,0.610784
2411624136704,0.610726,0.610784
2412697878528,0.610726,0.610784
2413771620352,0.610726,0.610784
2414845362176,0.610726,0.610784
2415919104000,0.610726,0.610784
2416992845824,0.610726,0.610784
2418066587648,0.610726,0.610784
2419140329472,0.610726,0.610784
2420214071296,0.610726,0.610784
2421287813120,0.610726,0.610784
2422361554944,0.610726,0.610784
2423435296768,0.610726,0.610784
2424509038592,0.610726,0.610784
2425582780416,0.610726,0.610784
2426656522240,0.610726,0.610784
2427730264064,0.610726,0.610784
2428804005888,0.610726,0.610784
2429877747712,0.610726,0.610784
2430951489536,0.610726,0.610784
2432025231360,0.610726,0.610784
2433098973184,0.610726,0.610784
2434172715008,0.610726,0.610784
2435246456832,0.610726,0.610784
2436320198656,0.610726,0.610784
2437393940480,0.610726,0.610784
2438467682304,0.610726,0.610784
2439541424128,0.610726,0.610784
2440615165952,0.610726,0.610784
2441688907776,0.610726,0.610784
2442762649600,0.610726,0.610784
2443836391424,0.610726,0.610784
2444910133248,0.610726,0.610784
2445983875072,0.610726,0.610784
2447057616896,0.610726,0.610784
2448131358720,0.610726,0.610784
2449205100544,0.610726,0.610784
2450278842368,0.610726,0.610784
2451352584192,0.610726,0.610784
2452426326016,0.610726,0.610784
2453500067840,0.610726,0.610784
2454573809664,0.610726,0.610784
2455647551488,0.610726,0.610784
2456721293312,0.610726,0.610784
2457795035136,0.610726,0.610784
2458868776960,0.610726,0.610784
2459942518784,0.610726,0.610784
2461016260608,0.610726,0.610784
2462090002432,0.610726,0.610784
2463163744256,0.610726,0.610784
2464237486080,0.610726,0.610784
2465311227904,0.610726,0.610784
2466384969728,0.610726,0.610784
2467458711552,0.610726,0.610784
2468532453376,0.610726,0.610784
2469606195200,0.610726,0.610784
2470679937024,0.610726,0.610784
2471753678848,0.610726,0.610784
2472827420672,0.610726,0.610784
2473901162496,0.610726,0.610784
2474974904320,0.610726,0.610784
2476048646144,0.610726,0.610784
2477122387968,0.610726,0.610784
2478196129792,0.610726,0.610784
2479269871616,0.610726,0.610784
2480343613440,0.610726,0.610784
2481417355264,0.610726,0.610784
2482491097088,0.610726,0.610784
2483564838912,0.610726,0.610784
2484638580736,0.610726,0.610784
2485712322560,0.610726,0.610784
2486786064384,0.610726,0.610784
2487859806208,0.610726,0.610784
2488933548032,0.610726,0.610784
2490007289856,0.610726,0.610784
2491081031680,0.610726,0.610784
2492154773504,0.610726,0.610784
2493228515328,0.610726,0.610784
2494302257152,0.610726,0.610784
2495375998976,0.610726,0.610784
2496449740800,0.610726,0.610784
2497523482624,0.610726,0.610784
2498597224448,0.610726,0.610784
2499670966272,0.610726,0.610784
2500744708096,0.610726,0.610784
2501818449920,0.610726,0.610784
2502892191744,0.610726,0.610784
2503965933568,0.610726,0.610784
2505039675392,0.610726,0.610784
2506113417216,0.610726,0.610784
2507187159040,0.610726,0.610784
2508260900864,0.610726,0.610784
2509334642688,0.610726,0.610784
2510408384512,0.610726,0.610784
2511482126336,0.610726,0.610784
2512555868160,0.610726,0.610784
2513629609984,0.610726,0.610784
2514703351808,0.610726,0.610784
2515777093632,0.610726,0.610784
2516850835456,0.610726,0.610784
2517924577280,0.610726,0.610784
2518998319104,0.610726,0.610784
2520072060928,0.610726,0.610784
2521145802752,0.610726,0.610784
2522219544576,0.610726,0.610784
2523293286400,0.610726,0.610784
2524367028224,0.610726,0.610784
2525440770048,0.610726,0.610784
2526514511872,0.610726,0.610784
2527588253696,0.610726,0.610784
2528661995520,0.610726,0.610784
2529735737344,0.610726,0.610784
2530809479168,0.610726,0.610784
2531883220992,0.610726,0.610784
2532956962816,0.610726,0.610784
2534030704640,0.610726,0.610784
2535104446464,0.610726,0.610784
2536178188288,0.610726,0.610784
2537251930112,0.610726,0.610784
2538325671936,0.610726,0.610784
2539399413760,0.610726,0.610784
2540473155584,0.610726,0.610784
2541546897408,0.610726,0.610784
2542620639232,0.610726,0.610784
2543694381056,0.610726,0.610784
2544768122880,0.610726,0.610784
2545841864704,0.610726,0.610784
2546915606528,0.610726,0.610784
2547989348352,0.610726,0.610784
2549063090176,0.610726,0.610784
2550136832000,0.610726,0.610784
2551210573824,0.610726,0.610784
2552284315648,0.610726,0.610784
2553358057472,0.610726,0.610784
2554431799296,0.610726,0.610784
2555505541120,0.610726,0.610784
2556579282944,0.610726,0.610784
2557653024768,0.610726,0.610784
2558726766592,0.610726,0.610784
2559800508416,0.610726,0.610784
2560874250240,0.610726,0.610784
2561947992064,0.610726,0.610784
2563021733888,0.610726,0.610784
2564095475712,0.610726,0.610784
2565169217536,0.610726,0.610784
2566242959360,0.610726,0.610784
2567316701184,0.610726,0.610784
2568390443008,0.610726,0.610784
2569464184832,0.610726,0.610784
2570537926656,0.610726,0.610784
2571611668480,0.610726,0.610784
2572685410304,0.610726,0.610784
2573759152128,0.610726,0.610784
2574832893952,0.610726,0.610784
2575906635776,0.610726,0.610784
2576980377600,0.610726,0.610784
2578054119424,0.610726,0.610784
2579127861248,0.610726,0.610784
2580201603072,0.610726,0.610784
2581275344896,0.610726,0.610784
2582349086720,0.610726,0.610784
2583422828544,0.610726,0.610784
2584496570368,0.610726,0.610784
2585570312192,0.610726,0.610784
2586644054016,0.610726,0.610784
2587717795840,0.610726,0.610784
2588791537664,0.610726,0.610784
2589865279488,0.610726,0.610784
2590939021312,0.610726,0.610784
2592012763136,0.610726,0.610784
2593086504960,0.610726,0.610784
2594160246784,0.610726,0.610784
2595233988608,0.610726,0.610784
2596307730432,0.610726,0.610784
2597381472256,0.610726,0.610784
2598455214080,0.610726,0.610784
2599528955904,0.610726,0.610784
2600602697728,0.610726,0.610784
2601676439552,0.610726,0.610784
2602750181376,0.610726,0.610784
2603823923200,0.610726,0.610784
2604897665024,0.610726,0.610784
2605971406848,0.610726,0.610784
2607045148672,0.610726,0.610784
2608118890496,0.610726,0.610784
2609192632320,0.610726,0.610784
2610266374144,0.610726,0.610784
2611340115968,0.610726,0.610784
2612413857792,0.610726,0.610784
2613487599616,0.610726,0.610784
2614561341440,0.610726,0.610784
2615635083264,0.610726,0.610784
2616708825088,0.610726,0.610784
2617782566912,0.610726,0.610784
2618856308736,0.610726,0.610784
2619930050560,0.610726,0.610784
2621003792384,0.610726,0.610784
2622077534208,0.610726,0.610784
2623151276032,0.610726,0.610784
2624225017856,0.610726,0.610784
2625298759680,0.610726,0.610784
2626372501504,0.610726,0.610784
2627446243328,0.610726,0.610784
2628519985152,0.610726,0.610784
2629593726976,0.610726,0.610784
2630667468800,0.610726,0.610784
2631741210624,0.610726,0.610784
2632814952448,0.610726,0.610784
2633888694272,0.610726,0.610784
2634962436096,0.610726,0.610784
2636036177920,0.610726,0.610784
2637109919744,0.610726,0.610784
2638183661568,0.610726,0.610784
2639257403392,0.610726,0.610784
2640331145216,0.610726,0.610784
2641404887040,0.610726,0.610784
2642478628864,0.610726,0.610784
2643552370688,0.610726,0.610784
2644626112512,0.610726,0.610784
2645699854336,0.610726,0.610784
2646773596160,0.610726,0.610784
2647847337984,0.610726,0.610784
2648921079808,0.610726,0.610784
2649994821632,0.610726,0.610784
2651068563456,0.610726,0.610784
2652142305280,0.610726,0.610784
2653216047104,0.610726,0.610784
2654289788928,0.610726,0.610784
2655363530752,0.610726,0.610784
2656437272576,0.610726,0.610784
2657511014400,0.610726,0.610784
2658584756224,0.610726,0.610784
2659658498048,0.610726,0.610784
2660732239872,0.610726,0.610784
2661805981696,0.610726,0.610784
2662879723520,0.610726,0.610784
2663953465344,0.610726,0.610784
2665027207168,0.610726,0.610784
2666100948992,0.610726,0.610784
2667174690816,0.610726,0.610784
2668248432640,0.610726,0.610784
2669322174464,0.610726,0.610784
2670395916288,0.610726,0.610784
2671469658112,0.610726,0.610784
2672543399936,0.610726,0.610784
2673617141760,0.610726,0.610784
2674690883584,0.610726,0.610784
2675764625408,0.610726,0.610784
2676838367232,0.610726,0.610784
2677912109056,0.610726,0.610784
2678985850880,0.610726,0.610784
2680059592704,0.610726,0.610784
2681133334528,0.610726,0.610784
2682207076352,0.610726,0.610784
2683280818176,0.610726,0.610784
2684354560000,0.610726,0.610784
2685428301824,0.610726,0.610784
2686502043648,0.610726,0.610784
2687575785472,0.610726,0.610784
2688649527296,0.610726,0.610784
2689723269120,0.610726,0.610784
2690797010944,0.610726,0.610784
2691870752768,0.610726,0.610784
2692944494592,0.610726,0.610784
2694018236416,0.610726,0.610784
2695091978240,0.610726,0.610784
2696165720064,0.610726,0.610784
2697239461888,0.610726,0.610784
2698313203712,0.610726,0.610784
2699386945536,0.610726,0.610784
2700460687360,0.610726,0.610784
2701534429184,0.610726,0.610784
2702608171008,0.610726,0.610784
2703681912832,0.610726,0.610784
2704755654656,0.610726,0.610784
2705829396480,0.610726,0.610784
2706903138304,0.610726,0.610784
2707976880128,0.610726,0.610784
2709050621952,0.610726,0.610784
2710124363776,0.610726,0.610784
2711198105600,0.610726,0.610784
2712271847424,0.610726,0.610784
2713345589248,0.610726,0.610784
2714419331072,0.610726,0.610784
2715493072896,0.610726,0.610784
2716566814720,0.610726,0.610784
2717640556544,0.610726,0.610784
2718714298368,0.610726,0.610784
2719788040192,0.610726,0.610784
2720861782016,0.610726,0.610784
2721935523840,0.610726,0.610784
2723009265664,0.610726,0.610784
2724083007488,0.610726,0.610784
2725156749312,0.610726,0.610784
2726230491136,0.610726,0.610784
2727304232960,0.610726,0.610784
2728377974784,0.610726,0.610784
2729451716608,0.610726,0.610784
2730525458432,0.610726,0.610784
2731599200256,0.610726,0.610784
2732672942080,0.610726,0.610784
2733746683904,0.610726,0.610784
2734820425728,0.610726,0.610784
2735894167552,0.610726,0.610784
2736967909376,0.610726,0.610784
2738041651200,0.610726,0.610784
2739115393024,0.610726,0.610784
2740189134848,0.610726,0.610784
2741262876672,0.610726,0.610784
2742336618496,0.610726,0.610784
2743410360320,0.610726,0.610784
2744484102144,0.610726,0.610784
2745557843968,0.610726,0.610784
2746631585792,0.610726,0.610784
2747705327616,0.610726,0.610784
2748779069440,0.610726,0.610784
2749852811264,0.610726,0.610784
2750926553088,0.610726,0.610784
2752000294912,0.610726,0.610784
2753074036736,0.610726,0.610784
2754147778560,0.610726,0.610784
2755221520384,0.610726,0.610784
2756295262208,0.610726,0.610784
2757369004032,0.610726,0.610784
2758442745856,0.610726,0.610784
2759516487680,0.610726,0.610784
2760590229504,0.610726,0.610784
2761663971328,0.610726,0.610784
2762737713152,0.610726,0.610784
2763811454976,0.610726,0.610784
2764885196800,0.610726,0.610784
2765958938624,0.610726,0.610784
2767032680448,0.610726,0.610784
2768106422272,0.610726,0.610784
2769180164096,0.610726,0.610784
2770253905920,0.610726,0.610784
2771327647744,0.610726,0.610784
2772401389568,0.610726,0.610784
2773475131392,0.610726,0.610784
2774548873216,0.610726,0.610784
2775622615040,0.610726,0.610784
2776696356864,0.610726,0.610784
2777770098688,0.610726,0.610784
2778843840512,0.610726,0.610784
2779917582336,0.610726,0.610784
2780991324160,0.610726,0.610784
2782065065984,0.610726,0.610784
2783138807808,0.610726,0.610784
2784212549632,0.610726,0.610784
2785286291456,0.610726,0.610784
2786360033280,0.610726,0.610784
2787433775104,0.610726,0.610784
2788507516928,0.610726,0.610784
2789581258752,0.610726,0.610784
2790655000576,0.610726,0.610784
2791728742400,0.610726,0.610784
2792802484224,0.610726,0.610784
2793876226048,0.610726,0.610784
2794949967872,0.610726,0.610784
2796023709696,0.610726,0.610784
2797097451520,0.610726,0.610784
2798171193344,0.610726,0.610784
2799244935168,0.610726,0.610784
2800318676992,0.610726,0.610784
2801392418816,0.610726,0.610784
2802466160640,0.610726,0.610784
2803539902464,0.610726,0.610784
2804613644288,0.610726,0.610784
2805687386112,0.610726,0.610784
2806761127936,0.610726,0.610784
2807834869760,0.610726,0.610784
2808908611584,0.610726,0.610784
2809982353408,0.610726,0.610784
2811056095232,0.610726,0.610784
2812129837056,0.610726,0.610784
2813203578880,0.610726,0.610784
2814277320704,0.610726,0.610784
2815351062528,0.610726,0.610784
2816424804352,0.610726,0.610784
2817498546176,0.610726,0.610784
2818572288000,0.610726,0.610784
2819646029824,0.610726,0.610784
2820719771648,0.610726,0.610784
2821793513472,0.610726,0.610784
2822867255296,0.610726,0.610784
2823940997120,0.610726,0.610784
2825014738944,0.610726,0.610784
2826088480768,0.610726,0.610784
2827162222592,0.610726,0.610784
2828235964416,0.610726,0.610784
2829309706240,0.610726,0.610784
2830383448064,0.610726,0.610784
2831457189888,0.610726,0.610784
2832530931712,0.610726,0.610784
2833604673536,0.610726,0.610784
2834678415360,0.610726,0.610784
2835752157184,0.610726,0.610784
2836825899008,0.610726,0.610784
2837899640832,0.610726,0.610784
2838973382656,0.610726,0.610784
2840047124480,0.610726,0.610784
2841120866304,0.610726,0.610784
2842194608128,0.610726,0.610784
2843268349952,0.610726,0.610784
2844342091776,0.610726,0.610784
2845415833600,0.610726,0.610784
2846489575424,0.610726,0.610784
2847563317248,0.610726,0.610784
2848637059072,0.610726,0.610784
2849710800896,0.610726,0.610784
2850784542720,0.610726,0.610784
2851858284544,0.610726,0.610784
2852932026368,0.610726,0.610784
2854005768192,0.610726,0.610784
2855079510016,0.610726,0.610784
2856153251840,0.610726,0.610784
2857226993664,0.610726,0.610784
2858300735488,0.610726,0.610784
2859374477312,0.610726,0.610784
2860448219136,0.610726,0.610784
2861521960960,0.610726,0.610784
2862595702784,0.610726,0.610784
2863669444608,0.610726,0.610784
2864743186432,0.610726,0.610784
2865816928256,0.610726,0.610784
2866890670080,0.610726,0.610784
2867964411904,0.610726,0.610784
2869038153728,0.610726,0.610784
2870111895552,0.610726,0.610784
2871185637376,0.610726,0.610784
2872259379200,0.610726,0.610784
2873333121024,0.610726,0.610784
2874406862848,0.610726,0.610784
2875480604672,0.610726,0.610784
2876554346496,0.610726,0.610784
2877628088320,0.610726,0.610784
2878701830144,0.610726,0.610784
2879775571968,0.610726,0.610784
2880849313792,0.610726,0.610784
2881923055616,0.610726,0.610784
2882996797440,0.610726,0.610784
2884070539264,0.610726,0.610784
2885144281088,0.610726,0.610784
2886218022912,0.610726,0.610784
2887291764736,0.610726,0.610784
2888365506560,0.610726,0.610784
2889439248384,0.610726,0.610784
2890512990208,0.610726,0.610784
2891586732032,0.610726,0.610784
2892660473856,0.610726,0.610784
2893734215680,0.610726,0.610784
2894807957504,0.610726,0.610784
2895881699328,0.610726,0.610784
2896955441152,0.610726,0.610784
2898029182976,0.610726,0.610784
2899102924800,0.610726,0.610784
2900176666624,0.610726,0.610784
2901250408448,0.610726,0.610784
2902324150272,0.610726,0.610784
2903397892096,0.610726,0.610784
2904471633920,0.610726,0.610784
2905545375744,0.610726,0.610784
2906619117568,0.610726,0.610784
2907692859392,0.610726,0.610784
2908766601216,0.610726,0.610784
2909840343040,0.610726,0.610784
2910914084864,0.610726,0.610784
2911987826688,0.610726,0.610784
2913061568512,0.610726,0.610784
2914135310336,0.610726,0.610784
2915209052160,0.610726,0.610784
2916282793984,0.610726,0.610784
2917356535808,0.610726,0.610784
2918430277632,0.610726,0.610784
2919504019456,0.610726,0.610784
2920577761280,0.610726,0.610784
2921651503104,0.610726,0.610784
2922725244928,0.610726,0.610784
2923798986752,0.610726,0.610784
2924872728576,0.610726,0.610784
2925946470400,0.610726,0.610784
2927020212224,0.610726,0.610784
2928093954048,0.610726,0.610784
2929167695872,0.610726,0.610784
2930241437696,0.610726,0.610784
2931315179520,0.610726,0.610784
2932388921344,0.610726,0.610784
2933462663168,0.610726,0.610784
2934536404992,0.610726,0.610784
2935610146816,0.610726,0.610784
2936683888640,0.610726,0.610784
2937757630464,0.610726,0.610784
2938831372288,0.610726,0.610784
2939905114112,0.610726,0.610784
2940978855936,0.610726,0.610784
2942052597760,0.610726,0.610784
2943126339584,0.610726,0.610784
2944200081408,0.610726,0.610784
2945273823232,0.610726,0.610784
2946347565056,0.610726,0.610784
2947421306880,0.610726,0.610784
2948495048704,0.610726,0.610784
2949568790528,0.610726,0.610784
2950642532352,0.610726,0.610784
2951716274176,0.610726,0.610784
2952790016000,0.610726,0.610784
2953863757824,0.610726,0.610784
2954937499648,0.610726,0.610784
2956011241472,0.610726,0.610784
2957084983296,0.610726,0.610784
2958158725120,0.610726,0.610784
2959232466944,0.610726,0.610784
2960306208768,0.610726,0.610784
2961379950592,0.610726,0.610784
2962453692416,0.610726,0.610784
2963527434240,0.610726,0.610784
2964601176064,0.610726,0.610784
2965674917888,0.610726,0.610784
2966748659712,0.610726,0.610784
2967822401536,0.610726,0.610784
2968896143360,0.610726,0.610784
2969969885184,0.610726,0.610784
2971043627008,0.610726,0.610784
2972117368832,0.610726,0.610784
2973191110656,0.610726,0.610784
2974264852480,0.610726,0.610784
2975338594304,0.610726,0.610784
2976412336128,0.610726,0.610784
2977486077952,0.610726,0.610784
2978559819776,0.610726,0.610784
2979633561600,0.610726,0.610784
2980707303424,0.610726,0.610784
2981781045248,0.610726,0.610784
2982854787072,0.610726,0.610784
2983928528896,0.610726,0.610784
2985002270720,0.610726,0.610784
2986076012544,0.610726,0.610784
2987149754368,0.610726,0.610784
2988223496192,0.610726,0.610784
2989297238016,0.610726,0.610784
2990370979840,0.610726,0.610784
2991444721664,0.610726,0.610784
2992518463488,0.610726,0.610784
2993592205312,0.610726,0.610784
2994665947136,0.610726,0.610784
2995739688960,0.610726,0.610784
2996813430784,0.610726,0.610784
2997887172608,0.610726,0.610784
2998960914432,0.610726,0.610784
3000034656256,0.610726,0.610784
3001108398080,0.610726,0.610784
3002182139904,0.610726,0.610784
3003255881728,0.610726,0.610784
3004329623552,0.610726,0.610784
3005403365376,0.610726,0.610784
3006477107200,0.610726,0.610784
3007550849024,0.610726,0.610784
3008624590848,0.610726,0.610784
3009698332672,0.610726,0.610784
3010772074496,0.610726,0.610784
3011845816320,0.610726,0.610784
3012919558144,0.610726,0.610784
3013993299968,0.610726,0.610784
3015067041792,0.610726,0.610784
3016140783616,0.610726,0.610784
3017214525440,0.610726,0.610784
3018288267264,0.610726,0.610784
3019362009088,0.610726,0.610784
3020435750912,0.610726,0.610784
3021509492736,0.610726,0.610784
3022583234560,0.610726,0.610784
3023656976384,0.610726,0.610784
3024730718208,0.610726,0.610784
3025804460032,0.610726,0.610784
3026878201856,0.610726,0.610784
3027951943680,0.610726,0.610784
3029025685504,0.610726,0.610784
3030099427328,0.610726,0.610784
3031173169152,0.610726,0.610784
3032246910976,0.610726,0.610784
3033320652800,0.610726,0.610784
3034394394624,0.610726,0.610784
3035468136448,0.610726,0.610784
3036541878272,0.610726,0.610784
3037615620096,0.610726,0.610784
3038689361920,0.610726,0.610784
3039763103744,0.610726,0.610784
3040836845568,0.610726,0.610784
3041910587392,0.610726,0.610784
3042984329216,0.610726,0.610784
3044058071040,0.610726,0.610784
3045131812864,0.610726,0.610784
3046205554688,0.610726,0.610784
3047279296512,0.610726,0.610784
3048353038336,0.610726,0.610784
3049426780160,0.610726,0.610784
3050500521984,0.610726,0.610784
3051574263808,0.610726,0.610784
3052648005632,0.610726,0.610784
3053721747456,0.610726,0.610784
3054795489280,0.610726,0.610784
3055869231104,0.610726,0.610784
3056942972928,0.610726,0.610784
3058016714752,0.610726,0.610784
3059090456576,0.610726,0.610784
3060164198400,0.610726,0.610784
3061237940224,0.610726,0.610784
3062311682048,0.610726,0.610784
3063385423872,0.610726,0.610784
3064459165696,0.610726,0.610784
3065532907520,0.610726,0.610784
3066606649344,0.610726,0.610784
3067680391168,0.610726,0.610784
3068754132992,0.610726,0.610784
3069827874816,0.610726,0.610784
3070901616640,0.610726,0.610784
3071975358464,0.610726,0.610784
3073049100288,0.610726,0.610784
3074122842112,0.610726,0.610784
3075196583936,0.610726,0.610784
3076270325760,0.610726,0.610784
3077344067584,0.610726,0.610784
3078417809408,0.610726,0.610784
3079491551232,0.610726,0.610784
3080565293056,0.610726,0.610784
3081639034880,0.610726,0.610784
3082712776704,0.610726,0.610784
3083786518528,0.610726,0.610784
3084860260352,0.610726,0.610784
3085934002176,0.610726,0.610784
3087007744000,0.610726,0.610784
3088081485824,0.610726,0.610784
3089155227648,0.610726,0.610784
3090228969472,0.610726,0.610784
3091302711296,0.610726,0.610784
3092376453120,0.610726,0.610784
3093450194944,0.610726,0.610784
3094523936768,0.610726,0.610784
3095597678592,0.610726,0.610784
3096671420416,0.610726,0.610784
3097745162240,0.610726,0.610784
3098818904064,0.610726,0.610784
3099892645888,0.610726,0.610784
3100966387712,0.610726,0.610784
3102040129536,0.610726,0.610784
3103113871360,0.610726,0.610784
3104187613184,0.610726,0.610784
3105261355008,0.610726,0.610784
3106335096832,0.610726,0.610784
3107408838656,0.610726,0.610784
3108482580480,0.610726,0.610784
3109556322304,0.610726,0.610784
3110630064128,0.610726,0.610784
3111703805952,0.610726,0.610784
3112777547776,0.610726,0.610784
3113851289600,0.610726,0.610784
3114925031424,0.610726,0.610784
3115998773248,0.610726,0.610784
3117072515072,0.610726,0.610784
3118146256896,0.610726,0.610784
3119219998720,0.610726,0.610784
3120293740544,0.610726,0.610784
3121367482368,0.610726,0.610784
3122441224192,0.610726,0.610784
3123514966016,0.610726,0.610784
3124588707840,0.610726,0.610784
3125662449664,0.610726,0.610784
3126736191488,0.610726,0.610784
3127809933312,0.610726,0.610784
3128883675136,0.610726,0.610784
3129957416960,0.610726,0.610784
3131031158784,0.610726,0.610784
3132104900608,0.610726,0.610784
3133178642432,0.610726,0.610784
3134252384256,0.610726,0.610784
3135326126080,0.610726,0.610784
3136399867904,0.610726,0.610784
3137473609728,0.610726,0.610784
3138547351552,0.610726,0.610784
3139621093376,0.610726,0.610784
3140694835200,0.610726,0.610784
3141768577024,0.610726,0.610784
3142842318848,0.610726,0.610784
3143916060672,0.610726,0.610784
3144989802496,0.610726,0.610784
3146063544320,0.610726,0.610784
3147137286144,0.610726,0.610784
3148211027968,0.610726,0.610784
3149284769792,0.610726,0.610784
3150358511616,0.610726,0.610784
3151432253440,0.610726,0.610784
3152505995264,0.610726,0.610784
3153579737088,0.610726,0.610784
3154653478912,0.610726,0.610784
3155727220736,0.610726,0.610784
3156800962560,0.610726,0.610784
3157874704384,0.610726,0.610784
3158948446208,0.610726,0.610784
3160022188032,0.610726,0.610784
3161095929856,0.610726,0.610784
3162169671680,0.610726,0.610784
3163243413504,0.610726,0.610784
3164317155328,0.610726,0.610784
3165390897152,0.610726,0.610784
3166464638976,0.610726,0.610784
3167538380800,0.610726,0.610784
3168612122624,0.610726,0.610784
3169685864448,0.610726,0.610784
3170759606272,0.610726,0.610784
3171833348096,0.610726,0.610784
3172907089920,0.610726,0.610784
3173980831744,0.610726,0.610784
3175054573568,0.610726,0.610784
3176128315392,0.610726,0.610784
3177202057216,0.610726,0.610784
3178275799040,0.610726,0.610784
3179349540864,0.610726,0.610784
3180423282688,0.610726,0.610784
3181497024512,0.610726,0.610784
3182570766336,0.610726,0.610784
3183644508160,0.610726,0.610784
3184718249984,0.610726,0.610784
3185791991808,0.610726,0.610784
3186865733632,0.610726,0.610784
3187939475456,0.610726,0.610784
3189013217280,0.610726,0.610784
3190086959104,0.610726,0.610784
3191160700928,0.610726,0.610784
3192234442752,0.610726,0.610784
3193308184576,0.610726,0.610784
3194381926400,0.610726,0.610784
3195455668224,0.610726,0.610784
3196529410048,0.610726,0.610784
3197603151872,0.610726,0.610784
3198676893696,0.610726,0.610784
3199750635520,0.610726,0.610784
3200824377344,0.610726,0.610784
3201898119168,0.610726,0.610784
3202971860992,0.610726,0.610784
3204045602816,0.610726,0.610784
3205119344640,0.610726,0.610784
3206193086464,0.610726,0.610784
3207266828288,0.610726,0.610784
3208340570112,0.610726,0.610784
3209414311936,0.610726,0.610784
3210488053760,0.610726,0.610784
3211561795584,0.610726,0.610784
3212635537408,0.610726,0.610784
3213709279232,0.610726,0.610784
3214783021056,0.610726,0.610784
3215856762880,0.610726,0.610784
3216930504704,0.610726,0.610784
3218004246528,0.610726,0.610784
3219077988352,0.610726,0.610784
3220151730176,0.610726,0.610784
3221225472000,0.610726,0.610784
3222299213824,0.610726,0.610784
3223372955648,0.610726,0.610784
3224446697472,0.610726,0.610784
3225520439296,0.610726,0.610784
3226594181120,0.610726,0.610784
3227667922944,0.610726,0.610784
3228741664768,0.610726,0.610784
3229815406592,0.610726,0.610784
3230889148416,0.610726,0.610784
3231962890240,0.610726,0.610784
3233036632064,0.610726,0.610784
3234110373888,0.610726,0.610784
3235184115712,0.610726,0.610784
3236257857536,0.610726,0.610784
3237331599360,0.610726,0.610784
3238405341184,0.610726,0.610784
3239479083008,0.610726,0.610784
3240552824832,0.610726,0.610784
3241626566656,0.610726,0.610784
3242700308480,0.610726,0.610784
3243774050304,0.610726,0.610784
3244847792128,0.610726,0.610784
3245921533952,0.610726,0.610784
3246995275776,0.610726,0.610784
3248069017600,0.610726,0.610784
3249142759424,0.610726,0.610784
3250216501248,0.610726,0.610784
3251290243072,0.610726,0.610784
3252363984896,0.610726,0.610784
3253437726720,0.610726,0.610784
3254511468544,0.610726,0.610784
3255585210368,0.610726,0.610784
3256658952192,0.610726,0.610784
3257732694016,0.610726,0.610784
3258806435840,0.610726,0.610784
3259880177664,0.610726,0.610784
3260953919488,0.610726,0.610784
3262027661312,0.610726,0.610784
3263101403136,0.610726,0.610784
3264175144960,0.610726,0.610784
3265248886784,0.610726,0.610784
3266322628608,0.610726,0.610784
3267396370432,0.610726,0.610784
3268470112256,0.610726,0.610784
3269543854080,0.610726,0.610784
3270617595904,0.610726,0.610784
3271691337728,0.610726,0.610784
3272765079552,0.610726,0.610784
3273838821376,0.610726,0.610784
3274912563200,0.610726,0.610784
3275986305024,0.610726,0.610784
3277060046848,0.610726,0.610784
3278133788672,0.610726,0.610784
3279207530496,0.610726,0.610784
3280281272320,0.610726,0.610784
3281355014144,0.610726,0.610784
3282428755968,0.610726,0.610784
3283502497792,0.610726,0.610784
3284576239616,0.610726,0.610784
3285649981440,0.610726,0.610784
3286723723264,0.610726,0.610784
3287797465088,0.610726,0.610784
3288871206912,0.610726,0.610784
3289944948736,0.610726,0.610784
3291018690560,0.610726,0.610784
3292092432384,0.610726,0.610784
3293166174208,0.610726,0.610784
3294239916032,0.610726,0.610784
3295313657856,0.610726,0.610784
3296387399680,0.610726,0.610784
3297461141504,0.610726,0.610784
3298534883328,0.610726,0.610784
